"Date","Price","Open","High","Low","Vol.","Change %"
"10/11/2024","27.07","26.75","27.22","26.56","4.19M","0.78%"
"10/10/2024","26.86","26.54","27.00","26.34","3.64M","2.01%"
"10/09/2024","26.33","25.89","26.44","25.69","4.14M","0.27%"
"10/08/2024","26.26","26.26","26.38","25.47","5.10M","-2.63%"
"10/07/2024","26.97","27.08","27.48","26.86","5.73M","0.30%"
"10/04/2024","26.89","26.99","27.16","26.47","6.62M","1.36%"
"10/03/2024","26.53","25.84","26.76","25.60","6.45M","2.99%"
"10/02/2024","25.76","26.29","26.41","25.44","7.12M","0.39%"
"10/01/2024","25.66","24.21","25.98","24.10","11.31M","4.91%"
"09/30/2024","24.46","24.38","25.08","24.13","8.18M","-0.29%"
"09/27/2024","24.53","23.47","24.59","23.36","9.08M","5.96%"
"09/26/2024","23.15","24.04","24.27","23.03","8.57M","-5.78%"
"09/25/2024","24.57","25.27","25.36","24.53","4.78M","-3.04%"
"09/24/2024","25.34","25.95","26.01","25.32","3.47M","-0.39%"
"09/23/2024","25.44","25.21","25.86","25.05","4.23M","1.48%"
"09/20/2024","25.07","25.25","25.25","24.70","8.76M","-1.14%"
"09/19/2024","25.36","25.66","25.84","25.27","4.54M","1.00%"
"09/18/2024","25.11","25.10","25.66","24.89","5.33M","-0.55%"
"09/17/2024","25.25","24.39","25.29","24.39","4.94M","3.31%"
"09/16/2024","24.44","24.03","24.65","24.03","6.05M","2.09%"
"09/13/2024","23.94","23.98","24.49","23.73","6.08M","1.01%"
"09/12/2024","23.70","23.82","24.05","23.32","6.51M","0.38%"
"09/11/2024","23.61","23.94","24.02","22.72","10.97M","-1.01%"
"09/10/2024","23.85","24.83","24.88","23.40","10.40M","-4.29%"
"09/09/2024","24.92","25.30","25.36","24.77","7.21M","-1.27%"
"09/06/2024","25.24","25.95","26.36","25.09","5.69M","-2.81%"
"09/05/2024","25.97","26.30","26.32","25.69","15.36M","0.31%"
"09/04/2024","25.89","26.63","26.96","25.85","6.48M","-3.18%"
"09/03/2024","26.74","27.90","27.95","26.67","6.06M","-6.14%"
"08/30/2024","28.49","28.90","28.94","28.35","6.07M","-2.90%"
"08/29/2024","29.34","28.75","29.47","28.38","4.70M","2.70%"
"08/28/2024","28.57","28.05","28.69","28.02","3.88M","0.49%"
"08/27/2024","28.43","28.81","28.90","28.19","4.58M","-1.90%"
"08/26/2024","28.98","29.00","29.11","28.49","4.35M","1.79%"
"08/23/2024","28.47","28.07","28.57","28.03","3.95M","1.97%"
"08/22/2024","27.92","28.14","28.35","27.88","3.96M","-0.50%"
"08/21/2024","28.06","28.64","28.73","28.04","3.74M","-0.95%"
"08/20/2024","28.33","29.17","29.24","28.16","4.31M","-3.38%"
"08/19/2024","29.32","29.31","29.88","29.19","4.00M","0.24%"
"08/16/2024","29.25","28.94","29.37","28.92","3.23M","-0.78%"
"08/15/2024","29.48","29.09","29.65","29.09","5.34M","1.83%"
"08/14/2024","28.95","29.15","29.22","28.77","3.81M","0.10%"
"08/13/2024","28.92","28.75","29.17","28.50","3.91M","-0.92%"
"08/12/2024","29.19","28.39","29.28","28.39","4.28M","3.07%"
"08/09/2024","28.32","28.45","28.67","27.98","4.06M","-0.46%"
"08/08/2024","28.45","27.20","28.47","27.17","4.67M","5.29%"
"08/07/2024","27.02","27.69","28.05","27.00","6.79M","-0.33%"
"08/06/2024","27.11","27.46","28.19","27.11","6.24M","-1.74%"
"08/05/2024","27.59","27.68","27.92","26.81","15.32M","-3.50%"
"08/02/2024","28.59","30.69","30.74","28.30","8.73M","-8.01%"
"08/01/2024","31.08","32.80","33.41","30.73","9.33M","-0.35%"
"07/31/2024","31.19","31.62","31.83","31.17","5.90M","0.52%"
"07/30/2024","31.03","30.73","31.26","30.58","4.08M","0.81%"
"07/29/2024","30.78","31.15","31.35","30.29","3.32M","-1.38%"
"07/26/2024","31.21","31.34","31.58","30.86","3.49M","-0.22%"
"07/25/2024","31.28","30.19","31.52","30.13","3.95M","3.30%"
"07/24/2024","30.28","30.95","31.08","30.18","3.85M","-1.34%"
"07/23/2024","30.69","31.07","31.16","30.61","3.81M","-1.85%"
"07/22/2024","31.27","31.63","31.78","31.08","4.60M","-2.31%"
"07/19/2024","32.01","32.09","32.25","31.54","4.46M","-0.44%"
"07/18/2024","32.15","32.35","33.15","31.97","6.46M","-0.22%"
"07/17/2024","32.22","31.90","32.51","31.84","4.86M","1.74%"
"07/16/2024","31.67","31.15","31.69","30.88","4.85M","0.67%"
"07/15/2024","31.46","29.97","31.68","29.95","6.39M","4.97%"
"07/12/2024","29.97","29.97","30.15","29.43","4.20M","0.60%"
"07/11/2024","29.79","28.92","29.89","28.72","4.28M","3.55%"
"07/10/2024","28.77","28.79","28.94","28.56","3.21M","-0.07%"
"07/09/2024","28.79","28.62","29.22","28.46","3.30M","-0.17%"
"07/08/2024","28.84","28.40","28.88","28.39","2.91M","0.84%"
"07/05/2024","28.60","29.30","29.45","28.47","8.17M","-2.82%"
"07/03/2024","29.43","29.55","29.91","29.34","2.04M","0.24%"
"07/02/2024","29.36","29.72","29.92","28.97","5.91M","-0.91%"
"07/01/2024","29.63","29.75","29.95","29.08","5.43M","0.65%"
"06/28/2024","29.44","29.39","29.55","28.94","11.16M","1.27%"
"06/27/2024","29.07","28.99","29.14","28.78","4.15M","1.50%"
"06/26/2024","28.64","28.96","28.99","28.35","5.61M","-1.24%"
"06/25/2024","29.00","29.27","29.31","28.71","5.18M","-1.16%"
"06/24/2024","29.34","28.25","29.51","28.23","6.54M","4.45%"
"06/21/2024","28.09","28.30","28.42","27.99","12.08M","-0.74%"
"06/20/2024","28.30","28.04","28.48","27.17","4.88M","1.07%"
"06/18/2024","28.00","28.00","28.57","27.89","5.60M","0.21%"
"06/17/2024","27.94","27.90","28.20","27.50","5.54M","0.43%"
"06/14/2024","27.82","28.16","28.29","27.36","9.51M","-2.63%"
"06/13/2024","28.57","29.07","29.23","28.21","5.39M","-2.59%"
"06/12/2024","29.33","30.08","30.49","29.16","6.21M","-1.21%"
"06/11/2024","29.69","29.17","29.75","28.99","4.16M","0.75%"
"06/10/2024","29.47","28.99","29.75","28.87","4.28M","2.15%"
"06/07/2024","28.85","28.97","29.36","28.70","3.62M","-1.30%"
"06/06/2024","29.23","28.93","29.33","28.81","3.58M","0.79%"
"06/05/2024","29.00","29.08","29.24","28.82","4.67M","0.14%"
"06/04/2024","28.96","29.13","29.26","28.67","5.73M","-1.63%"
"06/03/2024","29.44","30.65","30.70","29.24","8.02M","-3.57%"
"05/31/2024","30.53","29.85","30.64","29.80","14.92M","2.69%"
"05/30/2024","29.73","29.16","29.86","29.16","5.42M","1.92%"
"05/29/2024","29.17","29.80","29.97","28.73","7.22M","-2.21%"
"05/28/2024","29.83","29.61","30.03","29.55","4.69M","1.60%"
"05/24/2024","29.36","29.74","29.94","29.34","3.93M","-0.54%"
"05/23/2024","29.52","30.35","30.53","29.35","5.29M","-2.02%"
"05/22/2024","30.13","30.62","30.73","29.88","6.19M","-1.92%"
"05/21/2024","30.72","30.52","31.12","30.51","5.12M","-0.58%"
"05/20/2024","30.90","30.98","31.28","30.74","4.43M","0.06%"
"05/17/2024","30.88","30.50","31.01","30.33","3.79M","1.21%"
"05/16/2024","30.51","30.54","30.65","30.20","4.45M","-0.10%"
"05/15/2024","30.54","30.15","30.60","29.71","5.16M","1.23%"
"05/14/2024","30.17","30.10","30.42","29.93","4.33M","-0.10%"
"05/13/2024","30.20","30.35","30.62","29.90","3.97M","-0.59%"
"05/10/2024","30.38","30.98","31.13","30.32","4.25M","-1.62%"
"05/09/2024","30.88","30.65","30.91","30.45","4.54M","1.21%"
"05/08/2024","30.51","30.01","30.74","29.87","5.90M","0.83%"
"05/07/2024","30.26","29.93","30.58","29.93","5.70M","1.14%"
"05/06/2024","29.92","29.47","30.21","29.41","6.31M","2.26%"
"05/03/2024","29.26","29.27","29.79","28.92","9.60M","0.27%"
"05/02/2024","29.18","30.12","30.82","28.90","13.33M","-4.33%"
"05/01/2024","30.50","31.09","31.37","30.15","7.64M","-2.99%"
"04/30/2024","31.44","32.46","32.49","31.41","6.41M","-3.91%"
"04/29/2024","32.72","32.41","32.83","32.39","4.26M","0.71%"
"04/26/2024","32.49","32.26","32.59","32.02","4.80M","0.40%"
"04/25/2024","32.36","32.09","32.44","31.53","8.12M","0.97%"
"04/24/2024","32.05","31.98","32.19","31.64","4.52M","-0.03%"
"04/23/2024","32.06","32.11","32.38","31.71","6.78M","-1.26%"
"04/22/2024","32.47","32.23","32.66","31.77","4.38M","0.34%"
"04/19/2024","32.36","32.16","32.95","32.15","4.81M","-0.22%"
"04/18/2024","32.43","32.38","32.74","32.12","5.68M","0.53%"
"04/17/2024","32.26","32.50","32.88","32.13","5.99M","-0.74%"
"04/16/2024","32.50","32.79","32.97","32.11","6.09M","-1.99%"
"04/15/2024","33.16","33.54","33.88","33.00","8.17M","-1.66%"
"04/12/2024","33.72","34.85","35.25","33.64","7.07M","-1.98%"
"04/11/2024","34.40","35.23","35.24","34.14","4.74M","-1.85%"
"04/10/2024","35.05","34.48","35.17","34.38","5.80M","0.46%"
"04/09/2024","34.89","35.13","35.33","34.53","6.55M","-0.43%"
"04/08/2024","35.04","35.73","36.04","34.93","6.29M","-1.96%"
"04/05/2024","35.74","35.33","35.86","35.01","6.06M","0.87%"
"04/04/2024","35.43","35.37","35.84","34.99","6.93M","0.62%"
"04/03/2024","35.21","35.57","35.91","34.88","9.79M","-0.37%"
"04/02/2024","35.34","35.56","35.72","34.80","7.18M","-0.25%"
"04/01/2024","35.43","34.53","35.49","34.31","8.33M","3.05%"
"03/28/2024","34.38","34.10","34.73","33.91","26.80M","1.99%"
"03/27/2024","33.71","32.73","33.74","32.55","7.80M","2.52%"
"03/26/2024","32.88","34.52","34.80","32.81","11.75M","-4.94%"
"03/25/2024","34.59","33.66","34.74","33.62","12.15M","3.38%"
"03/22/2024","33.46","33.85","34.03","33.40","5.75M","-1.33%"
"03/21/2024","33.91","33.80","34.12","33.46","4.45M","0.36%"
"03/20/2024","33.79","32.77","33.97","32.62","5.68M","1.96%"
"03/19/2024","33.14","32.39","33.31","32.31","7.29M","2.47%"
"03/18/2024","32.34","32.24","32.87","32.07","5.54M","1.06%"
"03/15/2024","32.00","32.24","32.83","31.86","22.21M","-1.45%"
"03/14/2024","32.47","32.75","32.95","32.29","8.57M","-0.28%"
"03/13/2024","32.56","31.85","32.90","31.84","7.91M","3.56%"
"03/12/2024","31.44","31.36","31.49","30.90","4.97M","0.77%"
"03/11/2024","31.20","30.60","31.24","30.42","4.48M","1.27%"
"03/08/2024","30.81","30.55","31.13","30.53","5.70M","0.85%"
"03/07/2024","30.55","30.53","30.92","30.42","4.73M","-0.26%"
"03/06/2024","30.63","30.91","30.97","30.41","4.72M","0.56%"
"03/05/2024","30.46","30.03","30.69","29.91","5.87M","1.43%"
"03/04/2024","30.03","30.67","30.68","29.99","6.58M","-1.25%"
"03/01/2024","30.41","30.21","30.67","29.93","6.27M","2.08%"
"02/29/2024","29.79","30.09","30.30","29.63","6.50M","-0.53%"
"02/28/2024","29.95","30.18","30.49","29.72","4.82M","-0.83%"
"02/27/2024","30.20","29.85","30.47","29.70","6.61M","1.96%"
"02/26/2024","29.62","29.97","30.32","29.59","5.75M","-1.37%"
"02/23/2024","30.03","29.76","30.48","29.58","7.87M","-0.63%"
"02/22/2024","30.22","31.19","31.20","29.94","13.86M","-3.88%"
"02/21/2024","31.44","31.12","31.99","31.08","8.28M","1.48%"
"02/20/2024","30.98","31.50","31.64","30.94","6.57M","-1.87%"
"02/16/2024","31.57","31.31","31.91","30.94","8.16M","1.02%"
"02/15/2024","31.25","29.99","31.47","29.96","6.70M","4.87%"
"02/14/2024","29.80","29.75","30.35","29.66","6.14M","0.57%"
"02/13/2024","29.63","30.37","30.46","29.47","6.01M","-2.79%"
"02/12/2024","30.48","30.02","30.84","30.02","6.32M","2.04%"
"02/09/2024","29.87","30.52","30.69","29.80","5.29M","-1.97%"
"02/08/2024","30.47","30.59","30.81","30.30","6.21M","-0.26%"
"02/07/2024","30.55","30.58","30.86","30.17","3.94M","0.10%"
"02/06/2024","30.52","30.01","30.77","29.82","4.67M","2.38%"
"02/05/2024","29.81","30.02","30.20","29.47","5.60M","-1.42%"
"02/02/2024","30.24","30.76","30.76","30.16","4.65M","-1.82%"
"02/01/2024","30.80","31.44","31.71","30.61","6.40M","-1.69%"
"01/31/2024","31.33","32.47","32.52","31.29","5.40M","-3.36%"
"01/30/2024","32.42","31.45","32.47","31.36","5.11M","1.73%"
"01/29/2024","31.87","32.05","32.12","31.39","4.86M","-0.75%"
"01/26/2024","32.11","32.07","32.26","31.63","4.16M","0.22%"
"01/25/2024","32.04","31.49","32.05","31.10","4.76M","2.14%"
"01/24/2024","31.37","31.11","31.48","30.80","5.78M","1.69%"
"01/23/2024","30.85","30.53","31.10","30.45","5.54M","0.46%"
"01/22/2024","30.71","30.37","30.91","30.09","5.19M","1.12%"
"01/19/2024","30.37","30.50","30.55","29.95","6.66M","-1.01%"
"01/18/2024","30.68","30.79","30.81","30.23","5.29M","-0.42%"
"01/17/2024","30.81","30.95","31.32","30.70","5.41M","-1.47%"
"01/16/2024","31.27","32.10","32.20","31.22","5.33M","-3.90%"
"01/12/2024","32.54","33.08","33.20","32.30","4.45M","0.25%"
"01/11/2024","32.46","32.83","33.04","32.28","4.32M","-0.34%"
"01/10/2024","32.57","32.91","32.91","32.33","5.39M","-1.21%"
"01/09/2024","32.97","33.87","33.94","32.90","5.46M","-2.25%"
"01/08/2024","33.73","33.59","33.79","33.18","7.85M","-1.78%"
"01/05/2024","34.34","34.31","34.48","33.79","9.35M","0.85%"
"01/04/2024","34.05","34.75","35.13","33.97","19.17M","-7.35%"
"01/03/2024","36.75","35.99","36.90","35.60","3.01M","1.77%"
"01/02/2024","36.11","36.14","36.64","35.91","2.84M","0.64%"
"12/29/2023","35.88","36.31","36.35","35.76","3.67M","-0.61%"
"12/28/2023","36.10","36.99","37.09","36.08","3.48M","-2.88%"
"12/27/2023","37.17","37.24","37.82","37.08","3.32M","-0.32%"
"12/26/2023","37.29","36.46","37.39","36.45","3.27M","3.70%"
"12/22/2023","35.96","36.19","36.40","35.84","2.50M","0.06%"
"12/21/2023","35.94","35.74","35.96","35.41","2.55M","1.18%"
"12/20/2023","35.52","36.13","36.37","35.47","4.38M","-1.36%"
"12/19/2023","36.01","35.55","36.17","35.33","4.17M","1.04%"
"12/18/2023","35.64","36.15","36.39","35.61","6.08M","0.82%"
"12/15/2023","35.35","35.64","35.73","34.96","9.92M","-1.09%"
"12/14/2023","35.74","35.57","36.21","35.44","5.94M","2.55%"
"12/13/2023","34.85","34.29","34.87","33.76","5.05M","1.96%"
"12/12/2023","34.18","34.16","34.43","33.82","3.86M","-1.50%"
"12/11/2023","34.70","34.43","34.82","34.36","3.43M","0.67%"
"12/08/2023","34.47","34.05","34.52","33.80","2.73M","1.89%"
"12/07/2023","33.83","34.23","34.46","33.58","4.45M","-0.59%"
"12/06/2023","34.03","34.40","34.92","33.93","4.37M","-2.18%"
"12/05/2023","34.79","36.09","36.14","34.78","3.07M","-2.88%"
"12/04/2023","35.82","35.74","36.24","35.58","3.61M","-1.05%"
"12/01/2023","36.20","35.98","37.06","35.96","3.21M","0.56%"
"11/30/2023","36.00","36.73","37.13","35.56","5.84M","-0.85%"
"11/29/2023","36.31","36.63","36.78","36.19","2.56M","-0.19%"
"11/28/2023","36.38","36.43","36.74","36.12","3.07M","0.11%"
"11/27/2023","36.34","36.47","36.60","35.99","3.67M","-1.46%"
"11/24/2023","36.88","36.47","37.07","36.47","1.60M","0.88%"
"11/22/2023","36.56","34.81","36.61","34.65","4.50M","-0.16%"
"11/21/2023","36.62","36.68","37.04","36.24","2.17M","-1.03%"
"11/20/2023","37.00","37.36","37.70","36.97","3.28M","0.35%"
"11/17/2023","36.87","36.35","37.27","35.97","5.06M","2.85%"
"11/16/2023","35.85","36.75","36.87","35.34","6.60M","-3.91%"
"11/15/2023","37.31","37.32","38.27","37.24","3.38M","-0.69%"
"11/14/2023","37.57","36.81","37.83","36.75","3.48M","2.51%"
"11/13/2023","36.65","37.18","37.18","36.47","3.17M","-0.73%"
"11/10/2023","36.92","36.67","37.07","36.44","2.50M","1.54%"
"11/09/2023","36.36","37.03","37.30","36.28","3.83M","-0.95%"
"11/08/2023","36.71","37.90","38.02","36.64","4.42M","-3.60%"
"11/07/2023","38.08","38.52","38.65","37.45","3.99M","-3.10%"
"11/06/2023","39.30","40.25","40.30","39.25","3.14M","-1.65%"
"11/03/2023","39.96","39.99","40.93","39.60","4.89M","0.68%"
"11/02/2023","39.69","39.03","39.81","38.17","7.21M","0.20%"
"11/01/2023","39.61","40.06","40.31","39.35","2.93M","-0.28%"
"10/31/2023","39.72","39.79","39.96","39.14","3.64M","0.10%"
"10/30/2023","39.68","40.09","40.61","39.28","3.32M","-1.12%"
"10/27/2023","40.13","40.48","40.66","39.35","3.29M","-0.72%"
"10/26/2023","40.42","40.42","40.76","39.77","2.68M","-1.46%"
"10/25/2023","41.02","40.93","41.29","40.53","2.50M","0.05%"
"10/24/2023","41.00","41.49","41.55","40.91","3.07M","-0.46%"
"10/23/2023","41.19","41.59","41.86","41.02","3.17M","-2.30%"
"10/20/2023","42.16","42.89","43.17","41.89","4.04M","-2.63%"
"10/19/2023","43.30","42.60","43.58","42.09","4.06M","0.72%"
"10/18/2023","42.99","42.78","43.33","42.37","3.29M","1.32%"
"10/17/2023","42.43","42.10","42.90","42.02","3.65M","0.57%"
"10/16/2023","42.19","41.66","42.27","41.00","3.70M","2.28%"
"10/13/2023","41.25","40.00","41.41","39.60","5.20M","5.18%"
"10/12/2023","39.22","39.50","39.50","38.69","2.67M","0.74%"
"10/11/2023","38.93","38.51","39.00","37.96","2.96M","0.10%"
"10/10/2023","38.89","39.17","39.34","38.61","4.05M","-0.71%"
"10/09/2023","39.17","38.93","39.47","38.53","5.71M","4.20%"
"10/06/2023","37.59","38.04","38.20","36.85","5.67M","-0.37%"
"10/05/2023","37.73","37.47","38.28","37.37","2.79M","-0.74%"
"10/04/2023","38.01","38.99","38.99","37.38","3.88M","-4.16%"
"10/03/2023","39.66","39.43","39.76","38.88","2.72M","0.33%"
"10/02/2023","39.53","41.10","41.15","39.05","4.08M","-3.82%"
"09/29/2023","41.10","42.33","42.43","41.01","3.23M","-2.68%"
"09/28/2023","42.23","42.40","42.72","41.99","2.36M","-0.35%"
"09/27/2023","42.38","41.93","42.95","41.40","4.19M","3.24%"
"09/26/2023","41.05","40.59","41.52","40.55","2.83M","0.07%"
"09/25/2023","41.02","40.22","41.05","40.22","1.89M","1.99%"
"09/22/2023","40.22","40.56","41.04","40.07","2.20M","0.20%"
"09/21/2023","40.14","41.20","41.44","39.97","3.04M","-2.76%"
"09/20/2023","41.28","41.90","42.50","41.23","3.29M","-2.11%"
"09/19/2023","42.17","43.26","43.33","41.76","2.47M","-1.26%"
"09/18/2023","42.71","42.96","42.97","41.94","3.35M","0.59%"
"09/15/2023","42.46","42.76","43.24","42.04","9.35M","-1.21%"
"09/14/2023","42.98","42.85","43.31","42.33","5.22M","2.09%"
"09/13/2023","42.10","44.34","44.37","41.10","11.13M","-4.75%"
"09/12/2023","44.20","43.55","44.30","43.46","2.91M","3.05%"
"09/11/2023","42.89","44.63","44.74","42.71","3.56M","-3.10%"
"09/08/2023","44.26","44.65","44.76","44.10","4.31M","-0.25%"
"09/07/2023","44.37","44.40","44.98","44.09","3.81M","-0.63%"
"09/06/2023","44.65","44.99","45.38","44.36","3.45M","-1.48%"
"09/05/2023","45.32","45.40","46.15","45.29","4.23M","0.53%"
"09/01/2023","45.08","44.54","45.37","44.50","3.42M","2.83%"
"08/31/2023","43.84","43.93","44.04","43.43","2.78M","0.27%"
"08/30/2023","43.72","43.82","44.06","43.55","2.59M","0.34%"
"08/29/2023","43.57","42.90","43.67","42.63","2.90M","1.56%"
"08/28/2023","42.90","42.92","43.44","42.53","2.11M","0.40%"
"08/25/2023","42.73","42.77","43.12","42.08","2.58M","1.18%"
"08/24/2023","42.23","42.08","42.97","42.05","2.74M","-0.73%"
"08/23/2023","42.54","42.04","42.70","41.48","4.61M","-0.16%"
"08/22/2023","42.61","43.99","44.13","42.56","3.71M","-2.94%"
"08/21/2023","43.90","44.52","44.78","43.52","2.60M","-0.72%"
"08/18/2023","44.22","43.53","44.33","43.43","3.38M","0.39%"
"08/17/2023","44.05","44.55","44.67","43.88","3.35M","0.94%"
"08/16/2023","43.64","44.00","44.62","43.50","3.36M","-0.50%"
"08/15/2023","43.86","44.19","44.26","43.22","3.95M","-1.79%"
"08/14/2023","44.66","44.73","44.79","43.96","3.32M","-0.49%"
"08/11/2023","44.88","44.15","45.44","44.00","4.16M","1.65%"
"08/10/2023","44.15","44.19","44.69","43.76","3.62M","-0.16%"
"08/09/2023","44.22","44.00","45.31","43.91","5.97M","2.05%"
"08/08/2023","43.33","41.25","43.46","41.21","5.45M","2.75%"
"08/07/2023","42.17","41.92","42.44","41.71","3.08M","0.72%"
"08/04/2023","41.87","42.06","42.65","41.64","7.14M","0.50%"
"08/03/2023","41.66","40.41","42.09","40.24","7.40M","6.79%"
"08/02/2023","39.01","39.69","39.75","38.45","5.85M","-3.06%"
"08/01/2023","40.24","40.08","40.40","39.42","3.05M","-0.62%"
"07/31/2023","40.49","40.40","40.74","40.24","3.90M","0.85%"
"07/28/2023","40.15","39.79","40.21","39.28","2.77M","1.70%"
"07/27/2023","39.48","40.50","40.76","39.36","4.13M","-1.28%"
"07/26/2023","39.99","39.17","40.04","39.00","5.39M","1.06%"
"07/25/2023","39.57","39.00","39.90","38.86","4.78M","0.74%"
"07/24/2023","39.28","38.77","39.72","38.62","4.55M","1.66%"
"07/21/2023","38.64","38.18","38.74","37.65","4.37M","1.76%"
"07/20/2023","37.97","38.30","38.39","37.59","3.52M","-0.16%"
"07/19/2023","38.03","37.88","38.57","37.78","3.50M","0.40%"
"07/18/2023","37.88","36.36","38.25","36.30","4.38M","4.27%"
"07/17/2023","36.33","36.39","36.70","36.17","3.98M","-0.85%"
"07/14/2023","36.64","38.18","38.22","36.43","5.64M","-5.08%"
"07/13/2023","38.60","37.61","38.78","37.50","5.97M","2.91%"
"07/12/2023","37.51","36.88","37.74","36.80","7.74M","0.62%"
"07/11/2023","37.28","35.28","37.43","35.27","8.82M","6.27%"
"07/10/2023","35.08","34.89","35.40","34.72","3.51M","0.49%"
"07/07/2023","34.91","33.56","35.47","33.52","5.67M","3.74%"
"07/06/2023","33.65","33.97","34.26","33.01","4.21M","-2.04%"
"07/05/2023","34.35","34.39","34.47","33.78","3.77M","0.85%"
"07/03/2023","34.06","34.33","34.50","34.03","1.72M","-0.32%"
"06/30/2023","34.17","34.35","34.74","33.83","5.14M","0.74%"
"06/29/2023","33.92","33.20","33.96","33.17","3.24M","2.17%"
"06/28/2023","33.20","32.74","33.30","32.12","4.54M","1.34%"
"06/27/2023","32.76","32.76","33.23","32.53","4.10M","-0.82%"
"06/26/2023","33.03","32.46","33.38","32.46","4.17M","1.38%"
"06/23/2023","32.58","32.57","32.94","32.46","10.52M","-1.90%"
"06/22/2023","33.21","33.79","33.80","32.98","4.08M","-2.92%"
"06/21/2023","34.21","33.63","34.70","33.55","4.00M","2.12%"
"06/20/2023","33.50","34.10","34.20","32.84","5.75M","-2.56%"
"06/16/2023","34.38","34.89","35.05","34.10","9.09M","-0.84%"
"06/15/2023","34.67","33.79","34.87","33.76","5.29M","3.03%"
"06/14/2023","33.65","34.27","34.50","33.12","4.84M","-0.18%"
"06/13/2023","33.71","33.67","34.57","33.45","5.95M","1.97%"
"06/12/2023","33.06","32.71","33.52","32.23","4.54M","-1.05%"
"06/09/2023","33.41","33.98","34.41","33.22","4.61M","-1.74%"
"06/08/2023","34.00","34.28","34.57","33.24","5.65M","-1.16%"
"06/07/2023","34.40","33.55","34.90","33.51","5.45M","3.18%"
"06/06/2023","33.34","32.29","33.48","32.16","4.39M","0.82%"
"06/05/2023","33.07","34.67","34.76","33.03","5.63M","-1.81%"
"06/02/2023","33.68","32.95","34.19","32.34","6.47M","5.12%"
"06/01/2023","32.04","32.06","32.44","31.50","4.74M","0.82%"
"05/31/2023","31.78","31.11","31.84","30.67","10.09M","-1.43%"
"05/30/2023","32.24","32.70","32.93","31.74","5.96M","-3.50%"
"05/26/2023","33.41","33.53","33.74","32.82","4.31M","0.33%"
"05/25/2023","33.30","33.55","33.65","32.81","4.64M","-3.14%"
"05/24/2023","34.38","34.36","34.70","33.66","4.31M","1.39%"
"05/23/2023","33.91","33.69","34.67","33.47","5.52M","1.31%"
"05/22/2023","33.47","33.30","34.20","33.12","6.33M","0.18%"
"05/19/2023","33.41","33.32","33.94","33.01","6.77M","2.14%"
"05/18/2023","32.71","32.16","32.75","32.01","5.72M","0.46%"
"05/17/2023","32.56","32.06","32.99","31.64","5.57M","2.94%"
"05/16/2023","31.63","32.60","32.74","31.55","6.11M","-3.98%"
"05/15/2023","32.94","33.24","33.53","32.81","4.89M","-0.12%"
"05/12/2023","32.98","33.43","33.60","32.48","4.64M","-0.30%"
"05/11/2023","33.08","32.15","33.40","32.12","7.43M","0.85%"
"05/10/2023","32.80","33.30","33.53","32.34","4.89M","-1.09%"
"05/09/2023","33.16","32.55","33.47","32.45","5.81M","0.24%"
"05/08/2023","33.08","33.91","34.24","33.00","5.61M","-0.42%"
"05/05/2023","33.22","33.48","33.65","32.89","7.30M","2.98%"
"05/04/2023","32.26","34.80","35.89","32.00","10.32M","-5.59%"
"05/03/2023","34.17","33.63","34.94","33.40","6.66M","-0.55%"
"05/02/2023","34.36","36.16","36.31","33.88","6.99M","-6.88%"
"05/01/2023","36.90","36.15","37.08","35.97","3.41M","0.14%"
"04/28/2023","36.85","35.56","37.05","35.35","3.75M","3.34%"
"04/27/2023","35.66","35.42","35.97","35.06","4.06M","0.82%"
"04/26/2023","35.37","36.10","36.50","34.97","4.91M","-2.51%"
"04/25/2023","36.28","37.28","37.40","36.24","5.24M","-4.15%"
"04/24/2023","37.85","37.01","38.06","36.94","4.04M","1.67%"
"04/21/2023","37.23","37.74","37.89","36.94","3.39M","-1.25%"
"04/20/2023","37.70","37.79","38.14","37.25","5.92M","-2.81%"
"04/19/2023","38.79","38.58","39.01","38.07","5.55M","-1.60%"
"04/18/2023","39.42","39.49","39.55","38.88","5.02M","-0.18%"
"04/17/2023","39.49","40.82","41.11","39.47","4.52M","-3.16%"
"04/14/2023","40.78","40.57","40.92","40.17","4.16M","0.77%"
"04/13/2023","40.47","39.77","40.67","39.38","5.81M","2.09%"
"04/12/2023","39.64","40.16","40.36","39.56","4.38M","-0.70%"
"04/11/2023","39.92","39.62","40.42","39.14","5.14M","2.12%"
"04/10/2023","39.09","38.45","39.50","38.33","5.79M","2.68%"
"04/06/2023","38.07","37.78","38.54","37.55","5.09M","0.21%"
"04/05/2023","37.99","37.89","38.18","37.15","6.76M","-0.29%"
"04/04/2023","38.10","39.59","39.59","37.49","8.78M","-2.81%"
"04/03/2023","39.20","38.24","39.47","38.21","9.73M","8.71%"
"03/31/2023","36.06","35.76","36.09","35.40","6.42M","1.92%"
"03/30/2023","35.38","36.50","36.58","35.27","6.75M","-1.48%"
"03/29/2023","35.91","36.38","36.49","35.71","7.36M","0.03%"
"03/28/2023","35.90","35.13","36.29","35.00","4.84M","1.47%"
"03/27/2023","35.38","34.97","35.77","34.47","7.02M","2.52%"
"03/24/2023","34.51","33.34","34.68","33.09","6.96M","1.47%"
"03/23/2023","34.01","34.50","35.27","33.35","7.99M","-0.99%"
"03/22/2023","34.35","35.04","35.61","34.33","8.71M","-1.97%"
"03/21/2023","35.04","33.76","35.49","33.64","10.83M","6.57%"
"03/20/2023","32.88","31.89","33.14","31.71","6.38M","3.59%"
"03/17/2023","31.74","32.69","32.79","31.43","15.84M","-3.26%"
"03/16/2023","32.81","31.17","32.88","30.92","7.57M","2.37%"
"03/15/2023","32.05","33.07","33.51","31.46","12.00M","-7.98%"
"03/14/2023","34.83","34.56","35.90","33.78","8.13M","0.90%"
"03/13/2023","34.52","34.65","35.77","33.84","8.91M","-3.98%"
"03/10/2023","35.95","36.81","37.56","35.76","6.51M","-2.86%"
"03/09/2023","37.01","38.55","39.16","36.94","5.39M","-3.85%"
"03/08/2023","38.49","38.88","39.59","38.01","4.73M","-1.64%"
"03/07/2023","39.13","39.79","39.93","38.92","4.25M","-2.54%"
"03/06/2023","40.15","40.56","40.71","39.79","6.50M","-2.43%"
"03/03/2023","41.15","39.50","41.38","39.40","4.33M","2.19%"
"03/02/2023","40.27","39.65","40.53","39.48","3.78M","1.61%"
"03/01/2023","39.63","38.35","40.08","38.01","4.75M","3.26%"
"02/28/2023","38.38","39.93","39.98","38.36","5.29M","-2.17%"
"02/27/2023","39.23","39.27","39.77","38.80","4.40M","0.03%"
"02/24/2023","39.22","38.72","39.40","38.29","5.30M","0.26%"
"02/23/2023","39.12","39.93","40.23","38.24","7.88M","3.33%"
"02/22/2023","37.86","37.73","38.38","37.08","5.46M","-0.53%"
"02/21/2023","38.06","38.00","38.28","37.50","5.08M","-0.08%"
"02/17/2023","38.09","39.25","39.25","37.87","6.91M","-5.11%"
"02/16/2023","40.14","41.22","41.53","40.12","4.57M","-2.83%"
"02/15/2023","41.31","42.04","42.04","40.40","5.62M","-2.73%"
"02/14/2023","42.47","42.11","43.25","41.80","4.72M","-0.09%"
"02/13/2023","42.51","43.25","43.38","42.41","4.54M","-2.41%"
"02/10/2023","43.56","41.88","43.64","41.80","7.79M","6.11%"
"02/09/2023","41.05","42.18","42.47","40.99","5.39M","-2.54%"
"02/08/2023","42.12","43.90","44.01","41.83","5.61M","-3.59%"
"02/07/2023","43.69","42.32","43.75","41.51","5.26M","3.97%"
"02/06/2023","42.02","42.13","42.62","41.35","7.52M","-0.05%"
"02/03/2023","42.04","42.58","43.49","41.90","5.47M","-0.76%"
"02/02/2023","42.36","43.16","43.32","41.76","5.48M","-2.40%"
"02/01/2023","43.40","43.96","44.04","41.73","6.59M","-2.10%"
"01/31/2023","44.33","43.94","44.65","43.29","4.10M","0.38%"
"01/30/2023","44.16","44.97","45.66","44.12","4.94M","-3.43%"
"01/27/2023","45.73","45.43","46.98","45.43","5.27M","0.82%"
"01/26/2023","45.36","44.81","45.39","43.65","4.43M","2.88%"
"01/25/2023","44.09","43.87","44.19","42.74","5.28M","0.07%"
"01/24/2023","44.06","44.91","44.97","43.71","5.03M","-2.87%"
"01/23/2023","45.36","45.67","45.98","45.07","3.89M","0.60%"
"01/20/2023","45.09","44.86","45.58","44.00","5.06M","-0.16%"
"01/19/2023","45.16","43.66","45.33","43.36","5.66M","2.50%"
"01/18/2023","44.06","45.44","46.21","44.02","5.41M","-2.39%"
"01/17/2023","45.14","45.94","46.15","44.71","4.28M","-0.44%"
"01/13/2023","45.34","45.17","45.50","44.28","3.49M","-0.02%"
"01/12/2023","45.35","44.10","46.14","43.99","5.57M","3.49%"
"01/11/2023","43.82","43.75","44.19","42.92","4.86M","1.34%"
"01/10/2023","43.24","43.11","43.37","42.00","5.16M","-0.30%"
"01/09/2023","43.37","44.06","44.45","43.30","5.74M","1.12%"
"01/06/2023","42.89","42.54","43.32","41.94","5.76M","2.71%"
"01/05/2023","41.76","41.89","42.41","41.36","7.02M","-0.93%"
"01/04/2023","42.15","42.41","43.31","41.84","9.03M","-3.37%"
"01/03/2023","43.62","45.89","46.35","43.02","6.17M","-6.56%"
"12/30/2022","46.68","45.46","46.69","45.42","4.75M","1.68%"
"12/29/2022","45.91","44.60","46.21","44.35","4.53M","1.62%"
"12/28/2022","45.18","47.50","47.59","45.04","5.00M","-5.16%"
"12/27/2022","47.64","47.74","48.14","47.33","4.51M","0.83%"
"12/23/2022","47.25","45.49","47.31","45.14","5.33M","5.73%"
"12/22/2022","44.69","46.67","46.82","43.45","5.34M","-4.24%"
"12/21/2022","46.67","45.43","46.68","45.15","4.60M","5.76%"
"12/20/2022","44.13","43.68","44.45","43.47","4.37M","0.66%"
"12/19/2022","43.84","44.03","44.69","43.24","5.01M","0.11%"
"12/16/2022","43.79","43.80","44.42","42.81","12.12M","-2.80%"
"12/15/2022","45.05","44.61","45.19","43.93","7.33M","0.02%"
"12/14/2022","45.04","46.40","46.67","44.19","7.55M","-1.72%"
"12/13/2022","45.83","45.37","46.15","44.73","9.66M","4.37%"
"12/12/2022","43.91","42.30","44.36","42.17","8.56M","4.90%"
"12/09/2022","41.86","42.75","43.56","41.76","6.80M","-2.13%"
"12/08/2022","42.77","45.20","45.38","42.71","6.40M","-2.04%"
"12/07/2022","43.66","44.10","44.66","43.20","5.98M","-0.48%"
"12/06/2022","43.87","45.06","46.20","43.58","5.69M","-4.03%"
"12/05/2022","45.71","48.07","48.55","45.23","5.90M","-2.97%"
"12/02/2022","47.11","46.19","47.38","46.19","4.62M","0.83%"
"12/01/2022","46.72","47.50","48.08","46.48","5.26M","-0.28%"
"11/30/2022","46.85","47.47","47.65","46.00","9.01M","0.56%"
"11/29/2022","46.59","45.90","47.04","45.83","7.09M","3.63%"
"11/28/2022","44.96","44.83","45.48","43.75","7.23M","-3.17%"
"11/25/2022","46.43","47.20","47.20","46.10","2.88M","-0.75%"
"11/23/2022","46.78","46.80","47.78","46.32","5.24M","-2.09%"
"11/22/2022","47.78","46.17","47.93","45.73","5.73M","5.54%"
"11/21/2022","45.27","45.25","45.57","43.04","7.78M","-2.31%"
"11/18/2022","46.34","45.42","46.54","44.32","6.16M","-1.28%"
"11/17/2022","46.94","46.35","47.02","45.54","5.39M","-1.03%"
"11/16/2022","47.43","48.08","48.71","47.40","5.83M","-3.28%"
"11/15/2022","49.04","47.45","49.22","46.53","5.81M","3.88%"
"11/14/2022","47.21","48.21","48.95","47.17","5.48M","-3.18%"
"11/11/2022","48.76","48.29","49.30","48.10","5.96M","3.74%"
"11/10/2022","47.00","46.71","47.38","45.63","6.23M","3.18%"
"11/09/2022","45.55","48.01","48.24","45.26","7.83M","-7.12%"
"11/08/2022","49.04","49.13","49.67","47.94","6.74M","-0.93%"
"11/07/2022","49.50","49.14","50.58","49.01","6.50M","1.04%"
"11/04/2022","48.99","48.87","50.22","47.67","8.85M","3.59%"
"11/03/2022","47.29","43.15","47.88","43.03","9.83M","6.89%"
"11/02/2022","44.24","45.51","45.94","44.01","7.69M","-3.39%"
"11/01/2022","45.79","46.43","46.57","45.66","5.80M","0.73%"
"10/31/2022","45.46","44.85","46.33","44.10","5.94M","0.04%"
"10/28/2022","45.44","46.29","46.45","44.04","7.18M","-0.63%"
"10/27/2022","45.73","47.26","47.50","45.58","8.04M","-0.76%"
"10/26/2022","46.08","45.43","47.09","45.24","8.08M","1.95%"
"10/25/2022","45.20","43.78","45.40","43.37","8.12M","3.29%"
"10/24/2022","43.76","43.30","44.42","42.96","7.90M","1.32%"
"10/21/2022","43.19","41.91","43.20","41.51","8.54M","4.05%"
"10/20/2022","41.51","42.20","43.13","41.29","7.13M","-0.95%"
"10/19/2022","41.91","39.95","41.94","39.82","7.88M","5.25%"
"10/18/2022","39.82","40.35","40.95","38.97","7.24M","-0.70%"
"10/17/2022","40.10","40.36","41.78","39.74","7.27M","0.43%"
"10/14/2022","39.93","41.29","42.18","39.67","7.63M","-4.61%"
"10/13/2022","41.86","39.80","42.25","39.72","10.39M","2.72%"
"10/12/2022","40.75","40.10","41.28","39.06","7.37M","0.67%"
"10/11/2022","40.48","40.10","41.54","39.86","7.33M","-1.68%"
"10/10/2022","41.17","42.26","43.26","41.03","10.05M","-3.17%"
"10/07/2022","42.52","42.15","43.71","41.93","10.92M","0.76%"
"10/06/2022","42.20","40.19","42.36","40.09","8.90M","4.15%"
"10/05/2022","40.52","39.10","40.93","38.59","11.93M","3.47%"
"10/04/2022","39.16","38.63","39.46","37.94","10.28M","4.99%"
"10/03/2022","37.30","35.95","37.39","35.81","12.90M","9.10%"
"09/30/2022","34.19","34.14","35.07","33.77","7.71M","-2.17%"
"09/29/2022","34.95","34.28","35.04","33.25","9.09M","0.81%"
"09/28/2022","34.67","32.94","34.84","32.88","10.42M","6.09%"
"09/27/2022","32.68","32.83","33.41","31.98","10.52M","2.64%"
"09/26/2022","31.84","32.99","33.75","31.83","10.15M","-3.13%"
"09/23/2022","32.87","35.03","35.18","32.13","17.30M","-11.43%"
"09/22/2022","37.11","39.03","39.53","37.10","7.36M","-3.43%"
"09/21/2022","38.43","40.24","40.67","38.40","5.80M","-2.95%"
"09/20/2022","39.60","40.26","40.29","38.89","6.63M","-2.10%"
"09/19/2022","40.45","39.09","40.91","39.01","6.05M","-0.02%"
"09/16/2022","40.46","41.35","41.38","39.08","12.19M","-2.48%"
"09/15/2022","41.49","41.38","42.58","41.09","9.22M","-0.60%"
"09/14/2022","41.74","39.68","42.22","39.60","8.57M","6.72%"
"09/13/2022","39.11","39.66","40.76","38.68","7.74M","-2.22%"
"09/12/2022","40.00","39.74","40.76","39.01","9.46M","5.01%"
"09/09/2022","38.09","38.16","38.29","37.30","6.05M","3.14%"
"09/08/2022","36.93","36.85","37.58","36.68","7.89M","0.71%"
"09/07/2022","36.67","36.59","36.97","36.01","6.50M","-3.04%"
"09/06/2022","37.82","38.94","39.39","37.65","6.04M","-2.53%"
"09/02/2022","38.80","39.53","39.98","38.45","7.53M","2.32%"
"09/01/2022","37.92","38.40","38.44","36.81","7.94M","-3.04%"
"08/31/2022","39.11","38.17","40.25","37.83","8.81M","-0.53%"
"08/30/2022","39.32","40.24","40.65","38.78","10.66M","-4.93%"
"08/29/2022","41.36","39.93","42.63","39.76","9.13M","2.94%"
"08/26/2022","40.18","40.46","41.31","39.74","6.62M","-0.54%"
"08/25/2022","40.40","40.49","40.94","39.47","6.66M","0.22%"
"08/24/2022","40.31","39.05","40.69","38.80","10.31M","3.92%"
"08/23/2022","38.79","37.87","39.93","37.64","9.83M","5.44%"
"08/22/2022","36.79","35.58","36.86","34.48","8.27M","1.77%"
"08/19/2022","36.15","35.96","36.98","35.66","9.01M","-0.96%"
"08/18/2022","36.50","34.30","36.58","34.30","8.86M","8.53%"
"08/17/2022","33.63","33.04","33.95","32.80","6.80M","1.23%"
"08/16/2022","33.22","34.15","34.59","33.00","6.61M","-1.04%"
"08/15/2022","33.57","32.91","33.97","32.37","5.92M","-3.26%"
"08/12/2022","34.70","34.50","35.09","33.99","6.90M","-0.40%"
"08/11/2022","34.84","34.00","34.99","33.95","7.35M","4.88%"
"08/10/2022","33.22","33.02","33.68","31.88","5.99M","1.65%"
"08/09/2022","32.68","32.90","33.79","32.47","6.35M","1.46%"
"08/08/2022","32.21","31.54","32.71","31.42","7.03M","1.45%"
"08/05/2022","31.75","30.29","32.66","30.15","8.25M","3.49%"
"08/04/2022","30.68","33.12","33.86","30.50","12.17M","-10.89%"
"08/03/2022","34.43","36.21","36.34","33.78","8.40M","-4.17%"
"08/02/2022","35.93","35.95","36.44","35.17","5.12M","-0.22%"
"08/01/2022","36.01","36.24","36.39","35.10","7.22M","-3.12%"
"07/29/2022","37.17","36.53","37.44","36.23","7.68M","4.35%"
"07/28/2022","35.62","35.60","36.30","34.71","6.66M","1.22%"
"07/27/2022","35.19","34.01","35.35","33.28","7.02M","3.99%"
"07/26/2022","33.84","34.99","35.25","33.08","6.63M","-1.71%"
"07/25/2022","34.43","33.37","34.62","32.54","7.57M","6.23%"
"07/22/2022","32.41","33.27","34.14","32.20","5.33M","-2.64%"
"07/21/2022","33.29","33.60","34.02","32.44","6.65M","-4.89%"
"07/20/2022","35.00","33.98","35.10","33.58","7.54M","1.92%"
"07/19/2022","34.34","32.80","34.49","32.55","8.11M","4.70%"
"07/18/2022","32.80","33.08","33.75","32.54","6.09M","2.53%"
"07/15/2022","31.99","32.27","32.54","31.42","6.94M","1.30%"
"07/14/2022","31.58","31.33","31.84","30.44","9.82M","-4.01%"
"07/13/2022","32.90","32.10","33.77","31.72","8.13M","1.45%"
"07/12/2022","32.43","32.74","33.45","32.28","11.26M","-5.20%"
"07/11/2022","34.21","34.18","35.00","33.52","5.91M","-1.84%"
"07/08/2022","34.85","35.47","35.58","34.13","7.61M","0.99%"
"07/07/2022","34.51","33.19","35.03","33.00","8.41M","7.81%"
"07/06/2022","32.01","32.16","33.28","30.69","9.82M","-2.20%"
"07/05/2022","32.73","34.10","34.36","32.12","8.30M","-7.41%"
"07/01/2022","35.35","35.22","35.72","33.76","5.86M","1.29%"
"06/30/2022","34.90","35.10","36.12","34.48","8.20M","-3.32%"
"06/29/2022","36.10","39.41","39.78","35.93","8.87M","-6.89%"
"06/28/2022","38.77","38.89","39.85","37.92","9.12M","3.47%"
"06/27/2022","37.47","37.17","38.17","36.60","11.19M","2.80%"
"06/24/2022","36.45","36.93","37.88","36.26","9.97M","0.66%"
"06/23/2022","36.21","37.76","38.44","35.42","9.73M","-3.44%"
"06/22/2022","37.50","37.63","39.01","37.23","9.70M","-7.06%"
"06/21/2022","40.35","39.81","41.14","39.04","9.50M","2.88%"
"06/17/2022","39.22","41.78","41.84","38.16","16.28M","-6.08%"
"06/16/2022","41.76","44.05","44.33","41.16","9.14M","-8.48%"
"06/15/2022","45.63","46.06","46.50","44.35","7.48M","-0.80%"
"06/14/2022","46.00","46.60","47.66","44.99","7.75M","0.94%"
"06/13/2022","45.57","46.47","46.53","43.90","9.84M","-6.64%"
"06/10/2022","48.81","49.14","49.82","47.72","6.44M","-2.46%"
"06/09/2022","50.04","50.65","51.63","50.02","6.46M","-2.21%"
"06/08/2022","51.17","51.75","51.95","50.86","7.69M","-0.43%"
"06/07/2022","51.39","48.12","51.92","48.06","10.39M","5.85%"
"06/06/2022","48.55","48.92","49.07","47.60","5.52M","0.52%"
"06/03/2022","48.30","47.40","48.49","47.31","5.01M","1.75%"
"06/02/2022","47.47","47.14","48.40","46.80","6.67M","-0.31%"
"06/01/2022","47.62","48.03","48.97","46.50","9.25M","1.30%"
"05/31/2022","47.01","49.73","50.46","46.20","37.98M","-1.28%"
"05/27/2022","47.62","45.70","47.64","45.52","9.16M","3.88%"
"05/26/2022","45.84","46.07","46.89","45.58","9.51M","0.64%"
"05/25/2022","45.55","43.51","45.58","43.51","7.90M","4.42%"
"05/24/2022","43.62","43.41","44.46","43.07","7.95M","-1.20%"
"05/23/2022","44.15","42.33","44.37","41.87","8.51M","5.98%"
"05/20/2022","41.66","41.08","42.30","40.23","8.30M","2.06%"
"05/19/2022","40.82","39.48","41.90","39.33","7.23M","0.91%"
"05/18/2022","40.45","43.41","43.48","39.78","8.70M","-6.24%"
"05/17/2022","43.14","42.87","43.46","42.39","6.47M","1.72%"
"05/16/2022","42.41","41.36","43.38","41.26","9.13M","3.06%"
"05/13/2022","41.15","39.26","41.92","39.25","8.76M","8.20%"
"05/12/2022","38.03","37.88","39.03","36.87","10.29M","-0.70%"
"05/11/2022","38.30","38.39","40.60","38.05","10.24M","2.46%"
"05/10/2022","37.38","38.21","39.48","36.12","11.97M","-0.40%"
"05/09/2022","37.53","43.13","43.13","37.35","13.35M","-14.92%"
"05/06/2022","44.11","41.98","44.17","41.13","9.50M","6.80%"
"05/05/2022","41.30","44.83","45.25","40.68","15.62M","-8.63%"
"05/04/2022","45.20","43.97","45.27","42.21","10.23M","6.30%"
"05/03/2022","42.52","40.64","42.96","40.58","9.10M","4.70%"
"05/02/2022","40.61","40.31","41.10","39.18","10.68M","-0.78%"
"04/29/2022","40.93","41.54","42.63","40.67","12.97M","-1.25%"
"04/28/2022","41.45","40.48","41.97","38.92","7.27M","3.70%"
"04/27/2022","39.97","38.84","40.33","38.11","10.21M","3.50%"
"04/26/2022","38.62","39.20","39.97","38.49","9.98M","-1.18%"
"04/25/2022","39.08","39.08","39.35","36.98","10.37M","-4.00%"
"04/22/2022","40.71","41.78","42.69","40.47","8.83M","-3.51%"
"04/21/2022","42.19","44.89","45.22","41.68","9.92M","-4.83%"
"04/20/2022","44.33","44.43","45.15","43.94","8.78M","-0.14%"
"04/19/2022","44.39","43.55","45.22","43.46","6.84M","0.93%"
"04/18/2022","43.98","44.11","44.99","43.46","10.37M","0.69%"
"04/14/2022","43.68","43.37","44.28","43.32","5.12M","0.16%"
"04/13/2022","43.61","42.85","43.99","42.13","6.52M","3.39%"
"04/12/2022","42.18","41.98","43.26","41.95","5.82M","2.70%"
"04/11/2022","41.07","42.36","42.44","40.73","9.98M","-4.53%"
"04/08/2022","43.02","41.37","43.40","41.30","6.63M","4.93%"
"04/07/2022","41.00","41.57","41.91","39.36","8.41M","0.47%"
"04/06/2022","40.81","41.90","42.24","40.36","7.37M","-2.11%"
"04/05/2022","41.69","43.23","43.88","41.58","7.33M","-3.00%"
"04/04/2022","42.98","43.00","43.69","42.27","6.95M","1.80%"
"04/01/2022","42.22","41.42","42.69","41.42","5.01M","2.15%"
"03/31/2022","41.33","41.06","42.77","40.80","7.93M","0.32%"
"03/30/2022","41.20","41.45","42.36","40.68","9.02M","0.59%"
"03/29/2022","40.96","38.88","40.97","38.52","7.53M","2.79%"
"03/28/2022","39.85","40.50","40.50","38.93","7.19M","-4.05%"
"03/25/2022","41.53","40.44","42.09","40.24","5.89M","1.84%"
"03/24/2022","40.78","40.80","41.72","40.35","5.55M","0.17%"
"03/23/2022","40.71","41.40","41.74","40.30","8.01M","0.47%"
"03/22/2022","40.52","40.68","41.28","39.85","7.20M","-0.88%"
"03/21/2022","40.88","40.13","41.73","40.05","8.09M","4.53%"
"03/18/2022","39.11","39.14","39.38","38.64","11.80M","-0.81%"
"03/17/2022","39.43","37.82","39.85","37.62","9.28M","7.00%"
"03/16/2022","36.85","36.80","37.13","35.89","10.54M","0.41%"
"03/15/2022","36.70","35.57","36.84","34.79","11.13M","-2.34%"
"03/14/2022","37.58","38.01","38.49","36.44","11.78M","-3.76%"
"03/11/2022","39.05","39.56","40.15","39.00","8.40M","-2.47%"
"03/10/2022","40.04","39.06","40.20","38.24","10.80M","3.46%"
"03/09/2022","38.70","36.99","38.90","36.36","13.63M","0.18%"
"03/08/2022","38.63","39.13","41.20","37.46","16.49M","1.87%"
"03/07/2022","37.92","39.91","40.56","37.33","15.96M","-3.95%"
"03/04/2022","39.48","38.44","39.73","37.90","14.54M","3.13%"
"03/03/2022","38.28","37.19","38.29","37.11","11.16M","1.08%"
"03/02/2022","37.87","38.00","39.17","37.21","12.21M","1.56%"
"03/01/2022","37.29","36.29","37.64","35.99","15.36M","4.66%"
"02/28/2022","35.63","33.45","35.67","33.31","12.94M","5.82%"
"02/25/2022","33.67","32.14","33.74","32.13","9.28M","4.21%"
"02/24/2022","32.31","31.13","32.45","29.95","14.28M","4.80%"
"02/23/2022","30.83","31.44","32.28","30.65","10.60M","-0.68%"
"02/22/2022","31.04","33.01","33.24","30.43","14.91M","-3.48%"
"02/18/2022","32.16","31.81","32.37","31.42","8.77M","-0.71%"
"02/17/2022","32.39","32.27","33.24","32.10","6.81M","-0.03%"
"02/16/2022","32.40","32.42","33.23","31.98","7.33M","0.53%"
"02/15/2022","32.23","31.05","32.38","30.90","6.89M","0.28%"
"02/14/2022","32.14","33.85","34.16","31.94","12.32M","-5.86%"
"02/11/2022","34.14","33.64","34.46","33.36","12.78M","2.03%"
"02/10/2022","33.46","33.25","34.61","33.13","8.84M","0.09%"
"02/09/2022","33.43","32.73","33.91","32.70","7.59M","1.70%"
"02/08/2022","32.87","33.78","33.88","32.31","10.43M","-3.58%"
"02/07/2022","34.09","34.18","34.78","33.28","7.65M","-1.16%"
"02/04/2022","34.49","35.05","36.46","34.40","10.32M","-0.14%"
"02/03/2022","34.54","34.38","35.15","33.90","6.91M","-0.66%"
"02/02/2022","34.77","34.76","34.90","33.82","6.54M","0.17%"
"02/01/2022","34.71","33.01","34.99","32.61","9.08M","4.52%"
"01/31/2022","33.21","33.10","33.55","32.39","7.04M","0.12%"
"01/28/2022","33.17","33.07","33.98","32.09","7.53M","0.67%"
"01/27/2022","32.95","33.86","34.49","32.27","8.77M","-0.48%"
"01/26/2022","33.11","33.54","34.29","32.33","12.03M","0.12%"
"01/25/2022","33.07","30.30","33.40","29.61","14.30M","8.28%"
"01/24/2022","30.54","28.99","30.69","27.98","10.34M","1.46%"
"01/21/2022","30.10","30.80","31.04","29.47","9.84M","-3.68%"
"01/20/2022","31.25","31.77","32.87","31.15","8.78M","-3.49%"
"01/19/2022","32.38","33.37","33.53","32.10","8.15M","-1.79%"
"01/18/2022","32.97","34.10","34.40","32.47","9.80M","-0.96%"
"01/14/2022","33.29","32.31","33.37","31.67","11.02M","3.74%"
"01/13/2022","32.09","32.66","33.31","31.94","8.11M","-1.72%"
"01/12/2022","32.65","32.83","33.09","31.89","16.27M","2.03%"
"01/11/2022","32.00","29.76","32.13","29.49","12.30M","8.77%"
"01/10/2022","29.42","29.64","29.84","28.65","10.41M","-0.84%"
"01/07/2022","29.67","29.85","30.30","29.42","8.36M","0.17%"
"01/06/2022","29.62","29.36","29.91","28.78","7.63M","4.30%"
"01/05/2022","28.40","30.00","30.09","28.37","9.21M","-3.60%"
"01/04/2022","29.46","28.70","29.93","28.60","13.22M","4.99%"
"01/03/2022","28.06","27.08","28.14","26.98","9.32M","4.35%"
"12/31/2021","26.89","26.88","27.19","26.53","5.04M","-0.63%"
"12/30/2021","27.06","27.91","28.20","27.01","5.39M","-3.05%"
"12/29/2021","27.91","27.89","28.51","27.60","7.09M","-0.07%"
"12/28/2021","27.93","28.27","28.63","27.73","6.78M","-0.14%"
"12/27/2021","27.97","25.94","28.01","25.50","8.83M","7.29%"
"12/23/2021","26.07","25.90","26.42","25.88","4.69M","0.93%"
"12/22/2021","25.83","24.94","26.20","24.88","10.30M","1.93%"
"12/21/2021","25.34","24.51","25.40","24.49","5.78M","5.85%"
"12/20/2021","23.94","23.40","23.98","22.94","7.12M","-1.80%"
"12/17/2021","24.38","24.31","24.92","23.94","16.75M","-1.65%"
"12/16/2021","24.79","25.55","25.84","24.56","8.68M","-1.24%"
"12/15/2021","25.10","24.85","25.23","23.67","7.72M","0.60%"
"12/14/2021","24.95","24.79","25.71","24.65","7.08M","-1.31%"
"12/13/2021","25.28","26.34","26.58","25.16","10.50M","-5.21%"
"12/10/2021","26.67","26.53","26.81","25.80","8.94M","2.46%"
"12/09/2021","26.03","26.23","26.49","25.94","10.57M","-2.25%"
"12/08/2021","26.63","26.89","27.20","26.60","7.70M","-0.97%"
"12/07/2021","26.89","26.42","27.46","26.30","7.87M","4.02%"
"12/06/2021","25.85","26.38","26.48","25.33","8.35M","1.06%"
"12/03/2021","25.58","26.71","26.97","25.28","14.82M","-2.29%"
"12/02/2021","26.18","25.21","26.33","24.77","11.46M","3.68%"
"12/01/2021","25.25","26.85","27.17","25.20","11.20M","-2.02%"
"11/30/2021","25.77","25.25","26.51","25.03","12.52M","-3.95%"
"11/29/2021","26.83","27.42","27.68","26.35","9.20M","2.25%"
"11/26/2021","26.24","26.35","26.55","25.07","8.47M","-8.28%"
"11/24/2021","28.61","27.97","29.21","27.97","8.53M","0.49%"
"11/23/2021","28.47","27.18","28.50","27.07","10.60M","7.31%"
"11/22/2021","26.53","26.06","27.35","25.92","11.66M","2.04%"
"11/19/2021","26.00","26.60","27.01","25.65","12.43M","-5.73%"
"11/18/2021","27.58","27.58","28.33","26.93","10.89M","-0.29%"
"11/17/2021","27.66","29.47","29.54","27.58","9.61M","-6.62%"
"11/16/2021","29.62","29.83","30.34","29.50","9.44M","0.03%"
"11/15/2021","29.61","29.12","29.92","29.08","6.32M","0.54%"
"11/12/2021","29.45","29.15","29.68","28.93","6.99M","0.14%"
"11/11/2021","29.41","28.92","29.91","28.89","6.27M","2.37%"
"11/10/2021","28.73","29.86","30.17","28.43","8.29M","-4.27%"
"11/09/2021","30.01","30.60","30.95","29.60","13.45M","-2.12%"
"11/08/2021","30.66","30.33","31.14","30.12","8.32M","2.54%"
"11/05/2021","29.90","30.14","30.34","29.10","12.50M","2.82%"
"11/04/2021","29.08","28.35","29.97","28.12","17.67M","5.25%"
"11/03/2021","27.63","27.00","28.03","26.91","9.25M","1.25%"
"11/02/2021","27.29","26.89","27.49","26.70","6.72M","0.44%"
"11/01/2021","27.17","26.92","27.33","26.50","7.42M","3.66%"
"10/29/2021","26.21","27.06","27.07","25.91","7.37M","-3.21%"
"10/28/2021","27.08","26.85","27.18","26.44","10.17M","0.67%"
"10/27/2021","26.90","27.50","28.12","26.74","11.51M","-4.44%"
"10/26/2021","28.15","28.68","28.68","28.02","8.63M","-0.25%"
"10/25/2021","28.22","28.28","28.78","27.92","9.09M","1.95%"
"10/22/2021","27.68","27.20","27.85","27.08","10.65M","2.48%"
"10/21/2021","27.01","27.34","27.60","26.65","8.00M","-1.60%"
"10/20/2021","27.45","26.42","27.57","26.26","8.13M","2.20%"
"10/19/2021","26.86","27.28","27.57","26.71","8.64M","-0.26%"
"10/18/2021","26.93","26.80","28.18","26.67","12.26M","2.12%"
"10/15/2021","26.37","26.66","27.02","26.30","11.90M","0.57%"
"10/14/2021","26.22","25.33","26.27","25.04","11.68M","6.54%"
"10/13/2021","24.61","24.25","24.98","23.80","9.09M","-0.53%"
"10/12/2021","24.74","24.38","25.10","24.15","10.05M","1.31%"
"10/11/2021","24.42","25.10","25.33","24.33","13.74M","0.25%"
"10/08/2021","24.36","23.25","24.48","23.17","19.30M","6.84%"
"10/07/2021","22.80","22.30","23.14","21.97","16.38M","3.17%"
"10/06/2021","22.10","21.57","22.30","21.45","9.74M","-0.50%"
"10/05/2021","22.21","22.58","23.13","21.92","13.25M","0.68%"
"10/04/2021","22.06","22.33","22.67","21.86","13.52M","1.19%"
"10/01/2021","21.80","21.75","22.22","21.34","10.98M","1.73%"
"09/30/2021","21.43","20.76","21.74","20.53","11.28M","0.75%"
"09/29/2021","21.27","21.33","21.62","20.79","10.90M","-1.94%"
"09/28/2021","21.69","23.58","23.78","21.61","18.72M","-6.75%"
"09/27/2021","23.26","22.71","23.35","22.66","17.10M","6.16%"
"09/24/2021","21.91","21.37","22.17","21.15","9.07M","1.72%"
"09/23/2021","21.54","20.17","21.68","19.94","14.04M","7.06%"
"09/22/2021","20.12","19.16","20.50","19.16","16.38M","7.19%"
"09/21/2021","18.77","19.27","19.34","18.55","6.15M","-0.74%"
"09/20/2021","18.91","19.38","19.40","18.52","6.85M","-6.11%"
"09/17/2021","20.14","20.35","20.73","19.99","6.92M","-1.71%"
"09/16/2021","20.49","20.63","20.70","20.23","5.48M","-0.63%"
"09/15/2021","20.62","19.83","20.63","19.83","7.94M","6.56%"
"09/14/2021","19.35","20.50","20.53","19.22","6.40M","-3.97%"
"09/13/2021","20.15","19.05","20.16","19.05","7.71M","7.81%"
"09/10/2021","18.69","19.21","19.32","18.68","4.97M","-1.27%"
"09/09/2021","18.93","18.83","19.32","18.64","5.98M","-0.58%"
"09/08/2021","19.04","19.77","19.94","19.02","4.78M","-2.51%"
"09/07/2021","19.53","19.41","19.83","19.26","8.17M","-0.71%"
"09/03/2021","19.67","19.82","20.04","19.49","6.76M","-0.91%"
"09/02/2021","19.85","19.26","20.06","19.22","7.49M","4.20%"
"09/01/2021","19.05","19.34","19.52","18.72","7.37M","-2.21%"
"08/31/2021","19.48","18.49","19.62","18.45","9.33M","4.39%"
"08/30/2021","18.66","19.06","19.06","18.46","6.18M","-0.43%"
"08/27/2021","18.74","17.91","18.82","17.91","6.67M","5.94%"
"08/26/2021","17.69","18.02","18.16","17.54","5.72M","-2.43%"
"08/25/2021","18.13","17.93","18.26","17.63","7.32M","1.28%"
"08/24/2021","17.90","17.63","18.11","17.45","8.58M","3.53%"
"08/23/2021","17.29","16.66","17.38","16.66","11.17M","7.59%"
"08/20/2021","16.07","15.82","16.15","15.71","8.94M","0.44%"
"08/19/2021","16.00","16.16","16.52","15.55","11.34M","-3.61%"
"08/18/2021","16.60","16.97","17.28","16.58","7.11M","-1.60%"
"08/17/2021","16.87","16.88","17.29","16.79","7.13M","-1.52%"
"08/16/2021","17.13","17.49","17.53","17.03","7.28M","-4.19%"
"08/13/2021","17.88","18.98","18.99","17.86","12.24M","-5.50%"
"08/12/2021","18.92","19.15","19.28","18.53","8.44M","-1.61%"
"08/11/2021","19.23","18.92","19.25","18.60","5.71M","0.89%"
"08/10/2021","19.06","18.02","19.14","18.01","6.78M","6.42%"
"08/09/2021","17.91","17.94","18.19","17.55","11.90M","-2.29%"
"08/06/2021","18.33","18.50","18.70","18.10","6.05M","1.50%"
"08/05/2021","18.06","17.34","18.37","17.34","9.41M","1.75%"
"08/04/2021","17.75","18.20","18.39","17.63","13.81M","-5.48%"
"08/03/2021","18.78","17.83","18.81","17.83","9.83M","2.74%"
"08/02/2021","18.28","18.81","19.33","18.27","6.99M","-2.51%"
"07/30/2021","18.75","18.96","18.96","18.38","6.00M","-1.73%"
"07/29/2021","19.08","19.48","19.53","19.04","6.30M","0.21%"
"07/28/2021","19.04","18.75","19.27","18.46","4.94M","2.59%"
"07/27/2021","18.56","18.65","18.80","18.34","8.19M","-1.49%"
"07/26/2021","18.84","18.23","18.98","18.22","8.71M","3.46%"
"07/23/2021","18.21","18.32","18.45","17.73","6.26M","-0.22%"
"07/22/2021","18.25","18.36","18.44","17.82","9.16M","-0.92%"
"07/21/2021","18.42","17.68","18.58","17.68","8.64M","4.90%"
"07/20/2021","17.56","16.95","17.66","16.83","9.18M","2.03%"
"07/19/2021","17.21","17.01","17.60","16.93","10.84M","-4.28%"
"07/16/2021","17.98","18.70","18.74","17.87","8.58M","-2.65%"
"07/15/2021","18.47","18.61","19.04","18.30","9.20M","-2.99%"
"07/14/2021","19.04","20.44","20.58","18.79","9.54M","-5.60%"
"07/13/2021","20.17","20.38","20.50","20.00","3.84M","-1.18%"
"07/12/2021","20.41","20.11","20.61","19.86","3.88M","-0.78%"
"07/09/2021","20.57","20.41","20.71","20.03","4.25M","2.70%"
"07/08/2021","20.03","19.87","20.32","19.54","6.10M","-0.10%"
"07/07/2021","20.05","20.68","20.94","19.53","5.89M","-2.39%"
"07/06/2021","20.54","21.69","21.69","20.51","5.74M","-4.33%"
"07/02/2021","21.47","21.73","21.75","21.43","4.09M","-2.05%"
"07/01/2021","21.92","22.41","22.61","21.70","7.98M","1.34%"
"06/30/2021","21.63","21.24","21.79","21.22","4.97M","2.85%"
"06/29/2021","21.03","21.28","21.59","20.96","4.59M","0.00%"
"06/28/2021","21.03","22.05","22.09","20.92","6.88M","-5.27%"
"06/25/2021","22.20","22.20","22.44","21.81","8.23M","-0.27%"
"06/24/2021","22.26","21.96","22.30","21.54","6.22M","1.64%"
"06/23/2021","21.90","22.38","22.69","21.88","5.93M","-0.23%"
"06/22/2021","21.95","22.05","22.15","21.73","5.41M","-0.95%"
"06/21/2021","22.16","21.24","22.21","20.97","7.39M","7.31%"
"06/18/2021","20.65","20.77","21.38","20.48","8.16M","-2.27%"
"06/17/2021","21.13","22.42","22.69","20.62","10.52M","-6.38%"
"06/16/2021","22.57","22.77","22.93","22.30","7.21M","-1.27%"
"06/15/2021","22.86","22.58","23.06","22.47","6.59M","1.96%"
"06/14/2021","22.42","22.84","23.20","22.26","6.00M","-0.93%"
"06/11/2021","22.63","22.79","23.09","22.52","5.81M","-0.22%"
"06/10/2021","22.68","23.28","23.55","22.40","7.01M","-0.70%"
"06/09/2021","22.84","23.26","23.58","22.79","5.76M","-1.30%"
"06/08/2021","23.14","23.46","23.46","22.73","8.69M","-1.20%"
"06/07/2021","23.42","23.77","24.30","23.30","7.72M","0.00%"
"06/04/2021","23.42","23.64","23.85","23.13","6.71M","0.69%"
"06/03/2021","23.26","23.30","23.52","22.96","6.02M","-1.11%"
"06/02/2021","23.52","23.21","23.86","22.75","9.45M","1.99%"
"06/01/2021","23.06","21.94","23.06","21.73","11.98M","10.87%"
"05/28/2021","20.80","21.00","21.05","20.62","4.63M","-0.14%"
"05/27/2021","20.83","20.51","20.96","20.46","6.13M","1.71%"
"05/26/2021","20.48","19.99","20.51","19.82","5.60M","2.71%"
"05/25/2021","19.94","20.77","20.95","19.87","7.53M","-4.50%"
"05/24/2021","20.88","21.18","21.26","20.64","6.50M","-0.05%"
"05/21/2021","20.89","21.07","21.18","20.74","6.63M","1.26%"
"05/20/2021","20.63","20.79","20.82","20.25","4.20M","-0.91%"
"05/19/2021","20.82","20.79","21.19","20.38","6.69M","-3.92%"
"05/18/2021","21.67","22.25","22.41","21.55","6.68M","-2.21%"
"05/17/2021","22.16","21.36","22.19","21.25","8.49M","2.78%"
"05/14/2021","21.56","20.75","21.72","20.75","5.56M","5.69%"
"05/13/2021","20.40","20.65","21.22","19.95","6.93M","-3.45%"
"05/12/2021","21.13","21.40","22.24","21.05","7.24M","0.43%"
"05/11/2021","21.04","21.13","21.54","20.67","7.09M","-3.88%"
"05/10/2021","21.89","22.00","22.48","21.82","7.19M","1.39%"
"05/07/2021","21.59","20.83","21.65","20.54","8.20M","0.75%"
"05/06/2021","21.43","21.00","21.51","20.34","9.02M","2.19%"
"05/05/2021","20.97","20.44","21.49","20.29","7.55M","3.91%"
"05/04/2021","20.18","20.63","20.86","19.86","9.10M","-1.37%"
"05/03/2021","20.46","20.29","20.55","20.00","5.87M","2.30%"
"04/30/2021","20.00","20.33","20.72","19.74","8.84M","-3.29%"
"04/29/2021","20.68","20.87","21.25","20.32","6.43M","0.93%"
"04/28/2021","20.49","19.27","20.66","19.21","8.67M","7.67%"
"04/27/2021","19.03","18.80","19.15","18.62","6.84M","2.04%"
"04/26/2021","18.65","18.13","18.85","18.07","8.06M","2.59%"
"04/23/2021","18.18","17.53","18.21","17.40","5.75M","3.24%"
"04/22/2021","17.61","17.19","17.72","16.96","8.09M","2.74%"
"04/21/2021","17.14","16.41","17.30","16.27","5.87M","0.82%"
"04/20/2021","17.00","17.95","18.04","16.75","10.52M","-5.92%"
"04/19/2021","18.07","17.90","18.39","17.78","4.80M","1.55%"
"04/16/2021","17.80","18.19","18.27","17.58","6.25M","-1.52%"
"04/15/2021","18.07","18.15","18.16","17.74","4.93M","-0.39%"
"04/14/2021","18.14","17.55","18.68","17.49","8.78M","4.98%"
"04/13/2021","17.28","17.25","17.59","17.17","5.62M","0.17%"
"04/12/2021","17.25","17.50","17.81","17.10","5.60M","-0.06%"
"04/09/2021","17.26","17.56","17.68","17.14","6.21M","-1.65%"
"04/08/2021","17.55","17.86","17.86","17.22","6.18M","-2.58%"
"04/07/2021","18.01","17.93","18.19","17.73","6.27M","0.87%"
"04/06/2021","17.86","17.75","18.38","17.72","6.90M","1.82%"
"04/05/2021","17.54","18.81","18.81","17.37","9.75M","-6.95%"
"04/01/2021","18.85","18.25","18.92","17.94","10.30M","5.31%"
"03/31/2021","17.90","17.68","18.07","17.57","5.20M","0.39%"
"03/30/2021","17.83","17.58","17.98","17.10","6.17M","-0.72%"
"03/29/2021","17.96","18.45","18.57","17.65","7.51M","-4.42%"
"03/26/2021","18.79","18.90","19.01","18.00","9.27M","2.45%"
"03/25/2021","18.34","17.94","18.42","17.45","8.27M","-1.29%"
"03/24/2021","18.58","18.74","19.23","18.54","7.24M","1.67%"
"03/23/2021","18.27","18.22","18.97","17.90","7.29M","-3.10%"
"03/22/2021","18.86","19.38","19.43","18.77","6.60M","-3.18%"
"03/19/2021","19.48","19.19","19.89","18.83","13.70M","1.25%"
"03/18/2021","19.24","20.67","20.74","19.12","9.49M","-8.32%"
"03/17/2021","20.99","20.51","21.10","20.08","8.20M","1.13%"
"03/16/2021","20.75","21.00","21.43","20.70","7.56M","-3.62%"
"03/15/2021","21.53","21.29","21.55","20.89","6.56M","1.41%"
"03/12/2021","21.23","22.10","22.14","20.98","7.69M","-3.02%"
"03/11/2021","21.89","22.11","22.20","21.66","7.36M","1.20%"
"03/10/2021","21.63","21.75","21.86","21.08","9.02M","0.14%"
"03/09/2021","21.60","22.81","23.01","21.57","9.78M","-6.78%"
"03/08/2021","23.17","23.60","23.85","22.49","8.33M","-0.34%"
"03/05/2021","23.25","22.09","23.30","21.02","13.11M","10.82%"
"03/04/2021","20.98","20.38","21.58","19.98","13.25M","5.37%"
"03/03/2021","19.91","19.74","20.59","19.72","7.56M","2.10%"
"03/02/2021","19.50","19.20","20.38","19.15","7.41M","-0.10%"
"03/01/2021","19.52","20.08","20.34","19.43","10.29M","-1.06%"
"02/26/2021","19.73","19.86","20.11","18.63","9.26M","-1.99%"
"02/25/2021","20.13","21.50","21.89","20.00","11.29M","-3.27%"
"02/24/2021","20.81","19.76","20.95","19.45","10.99M","5.37%"
"02/23/2021","19.75","19.26","19.85","17.63","10.43M","3.51%"
"02/22/2021","19.08","18.35","19.60","18.21","9.79M","5.88%"
"02/19/2021","18.02","17.64","18.29","17.44","7.34M","2.21%"
"02/18/2021","17.63","18.46","18.53","17.60","7.97M","-5.67%"
"02/17/2021","18.69","18.84","19.06","18.23","9.44M","0.59%"
"02/16/2021","18.58","18.18","19.04","17.94","12.01M","6.29%"
"02/12/2021","17.48","16.71","17.53","16.54","6.79M","2.94%"
"02/11/2021","16.98","17.38","17.56","16.43","7.67M","-3.58%"
"02/10/2021","17.61","17.41","17.99","17.19","8.23M","2.21%"
"02/09/2021","17.23","17.65","17.65","17.09","7.62M","-3.42%"
"02/08/2021","17.84","16.56","17.91","16.50","10.83M","9.99%"
"02/05/2021","16.22","16.62","16.85","16.08","7.74M","-0.61%"
"02/04/2021","16.32","16.55","16.62","15.75","9.45M","-0.67%"
"02/03/2021","16.43","15.86","16.71","15.71","9.49M","5.59%"
"02/02/2021","15.56","15.80","16.41","15.54","12.37M","2.91%"
"02/01/2021","15.12","14.82","15.37","14.57","10.58M","5.88%"
"01/29/2021","14.28","14.82","15.44","14.03","11.38M","-4.42%"
"01/28/2021","14.94","15.00","15.41","14.63","8.29M","2.33%"
"01/27/2021","14.60","15.02","15.98","14.55","12.47M","-4.58%"
"01/26/2021","15.30","16.17","16.61","15.29","8.33M","-2.73%"
"01/25/2021","15.73","16.18","16.18","15.31","9.16M","-3.97%"
"01/22/2021","16.38","16.10","16.44","15.74","8.27M","-1.56%"
"01/21/2021","16.64","17.29","17.50","16.13","10.33M","-4.75%"
"01/20/2021","17.47","18.00","18.20","17.18","7.11M","-1.96%"
"01/19/2021","17.82","18.02","18.11","17.57","7.09M","3.18%"
"01/15/2021","17.27","18.03","18.03","17.12","8.92M","-5.89%"
"01/14/2021","18.35","18.38","19.32","18.26","11.19M","3.09%"
"01/13/2021","17.80","18.50","18.53","17.69","7.30M","-3.94%"
"01/12/2021","18.53","17.07","18.55","16.91","11.54M","11.22%"
"01/11/2021","16.66","15.95","16.75","15.79","6.51M","0.48%"
"01/08/2021","16.58","17.36","17.45","16.30","7.76M","-3.10%"
"01/07/2021","17.11","17.00","17.50","16.73","8.58M","1.60%"
"01/06/2021","16.84","16.40","17.08","15.69","13.58M","4.08%"
"01/05/2021","16.18","14.86","16.73","14.86","15.10M","9.55%"
"01/04/2021","14.77","14.65","14.95","14.38","9.61M","4.09%"
"12/31/2020","14.19","14.40","14.53","14.06","7.48M","-2.61%"
"12/30/2020","14.57","14.14","14.77","14.13","5.94M","2.97%"
"12/29/2020","14.15","14.30","14.50","13.97","6.21M","-0.42%"
"12/28/2020","14.21","14.52","14.82","14.15","5.49M","-1.52%"
"12/24/2020","14.43","14.79","14.80","14.26","3.76M","-2.37%"
"12/23/2020","14.78","14.33","15.17","14.31","8.42M","4.67%"
"12/22/2020","14.12","14.84","14.88","14.08","7.26M","-4.92%"
"12/21/2020","14.85","14.25","15.19","14.20","7.72M","-3.13%"
"12/18/2020","15.33","15.70","15.93","15.19","11.71M","-2.67%"
"12/17/2020","15.75","15.96","16.14","15.56","7.23M","-0.32%"
"12/16/2020","15.80","15.95","16.25","15.54","7.01M","-0.57%"
"12/15/2020","15.89","15.50","16.09","15.06","8.78M","3.79%"
"12/14/2020","15.31","16.68","16.81","15.27","10.58M","-4.91%"
"12/11/2020","16.10","16.31","16.56","15.75","8.90M","-2.42%"
"12/10/2020","16.50","14.97","16.86","14.91","16.60M","9.85%"
"12/09/2020","15.02","15.07","15.43","14.59","12.42M","1.76%"
"12/08/2020","14.76","14.38","15.26","14.31","10.12M","1.03%"
"12/07/2020","14.61","14.85","15.04","14.39","10.00M","-3.75%"
"12/04/2020","15.18","14.04","15.23","14.02","13.98M","10.48%"
"12/03/2020","13.74","13.24","13.96","12.97","8.37M","4.81%"
"12/02/2020","13.11","12.33","13.56","12.20","10.11M","5.98%"
"12/01/2020","12.37","13.40","13.53","12.36","12.48M","-4.03%"
"11/30/2020","12.89","13.67","13.76","12.85","11.87M","-7.40%"
"11/27/2020","13.92","14.13","14.39","13.76","5.39M","-1.42%"
"11/25/2020","14.12","13.80","14.41","13.65","10.78M","0.57%"
"11/24/2020","14.04","13.56","14.35","13.39","18.79M","9.18%"
"11/23/2020","12.86","11.67","12.89","11.64","13.45M","12.41%"
"11/20/2020","11.44","11.37","11.50","11.16","7.96M","0.79%"
"11/19/2020","11.35","11.00","11.40","10.89","10.34M","2.81%"
"11/18/2020","11.04","11.61","11.90","11.03","12.37M","-3.50%"
"11/17/2020","11.44","10.76","11.45","10.72","11.77M","2.69%"
"11/16/2020","11.14","11.00","11.16","10.71","11.24M","7.95%"
"11/13/2020","10.32","9.86","10.38","9.80","9.91M","6.39%"
"11/12/2020","9.70","9.73","10.21","9.65","13.38M","-2.51%"
"11/11/2020","9.95","10.27","10.38","9.70","12.63M","-0.40%"
"11/10/2020","9.99","10.03","10.20","9.57","18.29M","2.46%"
"11/09/2020","9.75","9.73","10.52","9.59","26.86M","14.24%"
"11/06/2020","8.53","8.87","9.09","8.50","12.20M","-4.85%"
"11/05/2020","8.97","9.19","9.59","8.95","16.00M","-0.22%"
"11/04/2020","8.99","8.75","9.30","8.43","19.24M","2.98%"
"11/03/2020","8.73","9.10","9.20","8.63","10.43M","-1.74%"
"11/02/2020","8.89","8.41","8.96","7.98","12.98M","7.05%"
"10/30/2020","8.30","8.21","8.30","7.96","11.48M","1.34%"
"10/29/2020","8.19","7.67","8.22","7.45","12.69M","5.13%"
"10/28/2020","7.79","7.96","8.15","7.70","13.79M","-6.65%"
"10/27/2020","8.35","8.56","8.60","8.32","8.03M","-2.51%"
"10/26/2020","8.56","9.07","9.10","8.35","13.88M","-7.76%"
"10/23/2020","9.28","9.54","9.64","9.13","8.70M","-1.69%"
"10/22/2020","9.44","9.10","9.48","9.02","26.48M","3.74%"
"10/21/2020","9.10","9.41","9.50","9.08","11.78M","-5.31%"
"10/20/2020","9.61","9.22","9.85","9.18","13.20M","6.07%"
"10/19/2020","9.06","9.45","9.58","9.02","10.77M","-3.31%"
"10/16/2020","9.37","9.64","9.81","9.34","10.04M","-4.00%"
"10/15/2020","9.76","9.10","9.77","8.96","16.49M","6.09%"
"10/14/2020","9.20","9.28","9.95","9.19","16.40M","0.66%"
"10/13/2020","9.14","9.24","9.30","8.95","10.12M","-1.83%"
"10/12/2020","9.31","9.56","9.60","9.12","12.27M","-3.72%"
"10/09/2020","9.67","10.27","10.42","9.61","12.23M","-4.64%"
"10/08/2020","10.14","9.73","10.15","9.51","10.72M","5.96%"
"10/07/2020","9.57","9.68","9.68","9.37","8.83M","1.59%"
"10/06/2020","9.42","10.03","10.27","9.33","13.37M","-4.27%"
"10/05/2020","9.84","9.97","10.13","9.62","11.06M","1.03%"
"10/02/2020","9.74","8.83","9.90","8.75","15.06M","4.62%"
"10/01/2020","9.31","9.38","9.51","9.01","15.80M","-1.69%"
"09/30/2020","9.47","9.63","9.79","9.39","12.56M","-0.73%"
"09/29/2020","9.54","10.16","10.17","9.43","13.31M","-7.11%"
"09/28/2020","10.27","10.15","10.65","10.10","15.47M","4.26%"
"09/25/2020","9.85","10.74","10.82","9.84","22.85M","-9.63%"
"09/24/2020","10.90","11.01","11.32","10.61","9.52M","-1.80%"
"09/23/2020","11.10","12.25","12.45","11.10","10.28M","-9.31%"
"09/22/2020","12.24","12.19","12.52","12.06","5.70M","1.07%"
"09/21/2020","12.11","12.07","12.31","11.89","7.87M","-4.27%"
"09/18/2020","12.65","12.59","12.86","12.42","14.05M","1.85%"
"09/17/2020","12.42","12.15","12.59","12.00","8.01M","-0.64%"
"09/16/2020","12.50","12.05","12.77","11.88","9.67M","4.69%"
"09/15/2020","11.94","12.09","12.54","11.88","8.94M","0.08%"
"09/14/2020","11.93","11.81","12.11","11.29","21.16M","0.38%"
"09/11/2020","11.89","12.19","12.25","11.72","8.17M","-1.04%"
"09/10/2020","12.01","13.15","13.19","12.01","8.33M","-8.67%"
"09/09/2020","13.15","13.25","13.31","12.66","8.20M","0.84%"
"09/08/2020","13.04","14.09","14.18","13.02","13.63M","-10.68%"
"09/04/2020","14.60","14.52","14.89","14.13","6.93M","1.46%"
"09/03/2020","14.39","14.33","14.74","14.10","6.92M","-0.21%"
"09/02/2020","14.42","14.98","15.07","14.39","5.92M","-3.48%"
"09/01/2020","14.94","14.67","14.96","14.39","6.82M","0.95%"
"08/31/2020","14.80","15.00","15.12","14.55","5.25M","-1.63%"
"08/28/2020","15.05","14.56","15.08","14.50","6.73M","3.05%"
"08/27/2020","14.60","14.53","14.64","14.22","5.40M","3.69%"
"08/26/2020","14.08","14.65","14.65","14.06","4.38M","-3.89%"
"08/25/2020","14.65","14.62","14.89","14.35","4.74M","1.35%"
"08/24/2020","14.45","14.48","14.88","14.27","6.22M","1.37%"
"08/21/2020","14.26","14.66","14.68","14.21","4.91M","-3.26%"
"08/20/2020","14.74","15.05","15.15","14.60","5.33M","-3.91%"
"08/19/2020","15.34","15.35","15.65","15.24","7.36M","0.59%"
"08/18/2020","15.25","15.14","15.60","15.04","4.13M","-0.55%"
"08/17/2020","15.34","15.55","15.55","15.16","5.21M","-1.82%"
"08/14/2020","15.62","15.24","15.65","15.16","3.69M","1.30%"
"08/13/2020","15.42","15.52","15.86","15.29","5.66M","-2.10%"
"08/12/2020","15.75","15.99","16.04","15.38","7.08M","1.03%"
"08/11/2020","15.59","16.75","16.75","15.52","7.76M","-4.24%"
"08/10/2020","16.28","15.71","16.32","15.63","6.89M","4.76%"
"08/07/2020","15.54","15.47","15.68","15.12","6.97M","-0.38%"
"08/06/2020","15.60","16.06","16.12","15.40","6.02M","-3.94%"
"08/05/2020","16.24","16.58","16.83","16.04","8.38M","2.27%"
"08/04/2020","15.88","15.62","16.10","15.55","7.08M","1.02%"
"08/03/2020","15.72","15.32","16.11","14.99","22.82M","2.41%"
"07/31/2020","15.35","15.94","16.12","15.16","12.13M","-4.12%"
"07/30/2020","16.01","15.65","16.61","15.36","29.99M","17.29%"
"07/29/2020","13.65","13.45","13.73","13.26","8.73M","2.48%"
"07/28/2020","13.32","13.60","13.83","13.30","5.58M","-2.67%"
"07/27/2020","13.69","14.12","14.15","13.58","7.26M","-3.63%"
"07/24/2020","14.20","14.38","14.72","14.14","6.78M","-1.32%"
"07/23/2020","14.39","14.46","14.72","14.16","7.83M","-0.83%"
"07/22/2020","14.51","14.48","14.67","14.11","8.57M","-2.62%"
"07/21/2020","14.90","14.06","15.20","13.97","14.06M","9.56%"
"07/20/2020","13.60","13.43","14.14","13.34","9.87M","2.33%"
"07/17/2020","13.29","14.01","14.16","13.25","8.22M","-4.18%"
"07/16/2020","13.87","13.40","14.27","13.28","9.56M","0.36%"
"07/15/2020","13.82","13.91","14.09","13.26","10.81M","2.29%"
"07/14/2020","13.51","12.49","13.52","12.28","9.23M","7.91%"
"07/13/2020","12.52","12.80","13.18","12.31","10.42M","-1.49%"
"07/10/2020","12.71","11.95","12.77","11.79","10.13M","5.22%"
"07/09/2020","12.08","12.95","13.10","12.01","11.26M","-7.57%"
"07/08/2020","13.07","12.78","13.15","12.59","7.71M","2.35%"
"07/07/2020","12.77","13.25","13.38","12.75","8.69M","-5.58%"
"07/06/2020","13.52","13.56","13.72","13.21","10.17M","2.00%"
"07/02/2020","13.26","13.52","13.94","13.18","14.35M","2.04%"
"07/01/2020","12.99","13.63","13.97","12.91","22.68M","-3.74%"
"06/30/2020","13.50","13.08","13.62","12.87","9.84M","1.28%"
"06/29/2020","13.33","13.15","13.46","12.91","10.10M","0.60%"
"06/26/2020","13.25","13.50","13.50","12.80","11.95M","-3.00%"
"06/25/2020","13.66","12.87","13.67","12.68","12.25M","4.51%"
"06/24/2020","13.07","13.78","13.90","12.89","12.34M","-7.50%"
"06/23/2020","14.13","14.62","14.99","14.03","11.42M","-1.05%"
"06/22/2020","14.28","13.90","14.36","13.52","8.86M","2.15%"
"06/19/2020","13.98","14.91","14.99","13.82","19.45M","-1.69%"
"06/18/2020","14.22","13.71","14.46","13.48","10.04M","2.38%"
"06/17/2020","13.89","14.20","14.38","13.82","10.89M","-4.67%"
"06/16/2020","14.57","15.50","15.54","14.04","16.00M","3.48%"
"06/15/2020","14.08","13.10","14.33","13.01","15.62M","2.25%"
"06/12/2020","13.77","14.01","14.50","13.04","15.51M","7.66%"
"06/11/2020","12.79","12.73","14.36","12.31","17.75M","-13.76%"
"06/10/2020","14.83","15.93","15.93","14.51","15.46M","-10.28%"
"06/09/2020","16.53","16.45","16.90","15.60","14.75M","-6.77%"
"06/08/2020","17.73","17.65","17.87","16.57","29.52M","10.33%"
"06/05/2020","16.07","14.34","16.60","14.33","36.34M","23.62%"
"06/04/2020","13.00","12.43","13.10","12.26","16.04M","3.75%"
"06/03/2020","12.53","12.49","12.73","12.02","16.12M","2.45%"
"06/02/2020","12.23","11.93","12.25","11.77","14.18M","4.26%"
"06/01/2020","11.73","10.76","11.79","10.45","24.90M","8.71%"
"05/29/2020","10.79","11.69","11.69","10.71","47.94M","-9.10%"
"05/28/2020","11.87","12.63","12.67","11.75","14.62M","-5.64%"
"05/27/2020","12.58","12.97","13.01","11.93","16.49M","-1.02%"
"05/26/2020","12.71","12.70","12.93","12.32","15.22M","4.44%"
"05/22/2020","12.17","12.00","12.20","11.65","10.42M","1.00%"
"05/21/2020","12.05","12.01","12.35","11.77","18.81M","0.84%"
"05/20/2020","11.95","11.67","12.10","11.64","15.60M","5.19%"
"05/19/2020","11.36","11.89","12.08","11.32","14.59M","-4.70%"
"05/18/2020","11.92","11.60","12.23","11.47","22.51M","12.35%"
"05/15/2020","10.61","10.22","10.92","10.11","18.14M","2.41%"
"05/14/2020","10.36","10.33","11.04","9.67","20.15M","-3.45%"
"05/13/2020","10.73","11.68","11.68","10.50","17.27M","-8.99%"
"05/12/2020","11.79","12.20","12.39","11.76","14.73M","-2.00%"
"05/11/2020","12.03","12.25","12.44","11.81","14.50M","-3.37%"
"05/08/2020","12.45","12.25","12.54","12.05","19.48M","4.80%"
"05/07/2020","11.88","11.44","12.38","11.35","19.90M","2.33%"
"05/06/2020","11.61","11.81","12.14","11.31","20.24M","-1.44%"
"05/05/2020","11.78","12.99","13.18","11.63","26.48M","-2.32%"
"05/04/2020","12.06","10.72","12.07","10.50","18.19M","6.91%"
"05/01/2020","11.28","12.42","12.76","11.11","24.36M","-13.76%"
"04/30/2020","13.08","13.35","14.05","12.18","39.88M","0.23%"
"04/29/2020","13.05","11.32","13.15","11.13","35.12M","22.31%"
"04/28/2020","10.67","10.85","10.95","10.20","19.23M","1.62%"
"04/27/2020","10.50","10.20","10.80","9.75","25.85M","-1.78%"
"04/24/2020","10.69","11.12","11.45","10.16","40.00M","1.81%"
"04/23/2020","10.50","9.82","10.97","9.80","38.58M","11.46%"
"04/22/2020","9.42","9.00","9.62","8.84","26.47M","9.92%"
"04/21/2020","8.57","8.19","8.81","8.06","22.56M","1.06%"
"04/20/2020","8.48","7.64","8.85","7.51","26.63M","-0.12%"
"04/17/2020","8.49","7.45","8.50","7.41","26.72M","13.35%"
"04/16/2020","7.49","7.96","7.98","7.38","13.09M","-5.67%"
"04/15/2020","7.94","7.12","8.07","7.08","24.48M","-1.73%"
"04/14/2020","8.08","8.20","8.31","7.62","26.96M","-3.58%"
"04/13/2020","8.38","8.79","8.99","8.02","35.82M","2.20%"
"04/09/2020","8.20","9.11","10.06","7.13","92.82M","8.18%"
"04/08/2020","7.58","6.83","7.62","6.72","35.95M","16.26%"
"04/07/2020","6.52","6.60","7.24","6.36","39.03M","11.07%"
"04/06/2020","5.87","5.20","6.00","5.13","28.01M","9.11%"
"04/03/2020","5.38","5.44","5.63","4.56","51.80M","14.71%"
"04/02/2020","4.69","4.75","5.30","4.31","53.26M","16.67%"
"04/01/2020","4.02","4.04","4.16","3.86","22.61M","-3.83%"
"03/31/2020","4.18","4.41","4.58","4.11","31.24M","1.70%"
"03/30/2020","4.11","4.76","4.77","4.00","26.49M","-15.43%"
"03/27/2020","4.86","5.38","5.40","4.76","18.51M","-15.63%"
"03/26/2020","5.76","5.94","6.60","5.61","18.50M","-2.21%"
"03/25/2020","5.89","6.13","6.67","5.31","19.29M","5.56%"
"03/24/2020","5.58","4.81","5.84","4.68","16.02M","29.47%"
"03/23/2020","4.31","4.81","4.90","4.30","14.15M","-10.77%"
"03/20/2020","4.83","5.16","5.47","4.65","17.52M","-2.42%"
"03/19/2020","4.95","4.55","5.40","4.07","14.53M","11.49%"
"03/18/2020","4.44","4.16","4.75","3.80","16.46M","-0.45%"
"03/17/2020","4.46","5.69","5.71","4.40","19.72M","-18.32%"
"03/16/2020","5.46","6.73","6.92","5.45","18.55M","-32.34%"
"03/13/2020","8.07","8.50","8.59","6.95","24.98M","3.99%"
"03/12/2020","7.76","6.93","8.30","6.60","19.84M","-5.94%"
"03/11/2020","8.25","10.10","10.11","7.95","19.68M","-23.54%"
"03/10/2020","10.79","11.37","11.50","9.40","22.82M","12.98%"
"03/09/2020","9.55","13.42","13.70","9.32","28.07M","-53.86%"
"03/06/2020","20.70","23.42","23.51","20.22","10.20M","-14.95%"
"03/05/2020","24.34","24.43","25.21","24.03","5.73M","-3.14%"
"03/04/2020","25.13","25.36","25.62","24.53","4.38M","0.56%"
"03/03/2020","24.99","25.70","26.57","24.75","7.36M","-2.08%"
"03/02/2020","25.52","25.49","25.89","24.65","8.99M","2.41%"
"02/28/2020","24.92","24.00","25.52","23.83","10.24M","-0.60%"
"02/27/2020","25.07","23.81","26.96","23.38","8.82M","2.62%"
"02/26/2020","24.43","25.50","25.86","24.40","5.52M","-4.20%"
"02/25/2020","25.50","27.24","27.29","25.34","4.46M","-4.67%"
"02/24/2020","26.75","26.96","27.02","26.41","3.03M","-5.81%"
"02/21/2020","28.40","28.14","28.48","27.52","3.15M","-0.63%"
"02/20/2020","28.58","28.59","29.21","28.44","2.35M","0.39%"
"02/19/2020","28.47","28.40","28.68","27.97","2.95M","1.28%"
"02/18/2020","28.11","27.05","28.22","26.95","2.97M","2.74%"
"02/14/2020","27.36","28.05","28.08","27.24","4.29M","-2.01%"
"02/13/2020","27.92","28.37","28.51","27.83","3.50M","-1.97%"
"02/12/2020","28.48","28.93","29.03","28.43","3.22M","1.10%"
"02/11/2020","28.17","28.58","28.81","28.14","2.07M","0.72%"
"02/10/2020","27.97","27.88","28.01","27.45","3.01M","-0.50%"
"02/07/2020","28.11","28.28","28.58","27.99","3.17M","-2.87%"
"02/06/2020","28.94","28.95","29.23","28.28","3.74M","0.14%"
"02/05/2020","28.90","28.81","29.44","28.62","5.84M","2.70%"
"02/04/2020","28.14","28.19","28.55","28.06","4.42M","2.10%"
"02/03/2020","27.56","27.26","27.69","27.10","4.02M","0.44%"
"01/31/2020","27.44","27.58","27.67","26.95","5.31M","-2.63%"
"01/30/2020","28.18","27.46","28.25","27.37","3.92M","0.32%"
"01/29/2020","28.09","28.98","29.07","27.98","4.51M","-2.23%"
"01/28/2020","28.73","29.19","29.27","28.53","4.14M","-0.42%"
"01/27/2020","28.85","29.08","29.49","28.61","4.24M","-3.77%"
"01/24/2020","29.98","30.00","30.08","29.37","3.47M","-0.96%"
"01/23/2020","30.27","30.27","30.63","29.87","4.82M","-1.94%"
"01/22/2020","30.87","31.29","31.45","30.84","4.71M","-2.74%"
"01/21/2020","31.74","32.14","32.74","31.70","5.22M","-2.85%"
"01/17/2020","32.67","33.08","33.24","32.57","4.55M","-1.30%"
"01/16/2020","33.10","33.69","33.71","32.98","4.46M","-1.31%"
"01/15/2020","33.54","33.23","33.69","32.99","4.44M","-0.15%"
"01/14/2020","33.59","32.14","33.77","32.13","6.10M","4.94%"
"01/13/2020","32.01","32.50","32.60","31.85","4.58M","-1.14%"
"01/10/2020","32.38","32.35","32.53","32.04","4.64M","-0.67%"
"01/09/2020","32.60","32.61","32.70","31.55","7.59M","-0.40%"
"01/08/2020","32.73","32.51","33.21","32.04","13.51M","0.68%"
"01/07/2020","32.51","29.93","32.58","29.50","37.10M","26.79%"
"01/06/2020","25.64","25.94","25.98","25.17","4.47M","-0.19%"
"01/03/2020","25.69","25.71","26.14","25.53","5.94M","1.30%"
"01/02/2020","25.36","25.70","25.93","25.13","3.27M","-0.90%"
"12/31/2019","25.59","25.23","25.69","24.78","3.35M","0.35%"
"12/30/2019","25.50","26.12","26.28","25.43","5.45M","-2.37%"
"12/27/2019","26.12","26.37","26.52","26.06","4.09M","-0.57%"
"12/26/2019","26.27","26.49","26.98","26.19","4.98M","0.38%"
"12/24/2019","26.17","26.73","26.81","25.78","5.84M","-1.36%"
"12/23/2019","26.53","24.08","26.73","23.95","22.72M","17.29%"
"12/20/2019","22.62","22.85","22.94","22.36","10.97M","-0.40%"
"12/19/2019","22.71","22.78","23.11","22.60","3.89M","-0.13%"
"12/18/2019","22.74","22.43","22.97","22.34","5.60M","1.20%"
"12/17/2019","22.47","22.08","22.58","21.95","4.17M","1.81%"
"12/16/2019","22.07","21.59","22.37","21.50","5.11M","3.37%"
"12/13/2019","21.35","22.18","22.32","21.30","5.36M","-3.13%"
"12/12/2019","22.04","21.37","22.19","21.33","6.29M","3.57%"
"12/11/2019","21.28","20.98","21.48","20.86","4.71M","1.67%"
"12/10/2019","20.93","20.61","21.06","20.59","6.27M","1.45%"
"12/09/2019","20.63","19.78","20.74","19.54","8.73M","3.20%"
"12/06/2019","19.99","18.50","20.17","18.33","10.09M","7.59%"
"12/05/2019","18.58","18.78","18.98","18.44","7.50M","-0.64%"
"12/04/2019","18.70","18.61","19.16","18.50","10.41M","1.74%"
"12/03/2019","18.38","19.25","19.30","18.33","15.19M","-5.94%"
"12/02/2019","19.54","20.00","20.42","18.93","22.79M","-12.30%"
"11/29/2019","22.28","22.78","23.16","22.25","3.20M","-4.05%"
"11/27/2019","23.22","22.96","23.41","22.84","4.22M","1.44%"
"11/26/2019","22.89","23.50","23.74","22.80","4.70M","-2.80%"
"11/25/2019","23.55","23.42","23.71","23.15","4.44M","0.60%"
"11/22/2019","23.41","23.35","23.60","23.02","3.44M","0.82%"
"11/21/2019","23.22","23.05","23.33","22.50","4.42M","1.53%"
"11/20/2019","22.87","22.42","23.43","22.19","3.12M","2.24%"
"11/19/2019","22.37","22.72","22.92","22.30","2.94M","-2.65%"
"11/18/2019","22.98","23.57","23.57","22.67","4.29M","-3.89%"
"11/15/2019","23.91","23.64","24.39","23.59","4.15M","2.05%"
"11/14/2019","23.43","23.41","24.03","23.27","5.13M","0.56%"
"11/13/2019","23.30","23.53","23.81","23.11","3.18M","-2.10%"
"11/12/2019","23.80","24.05","24.34","23.54","4.29M","-0.21%"
"11/11/2019","23.85","24.03","24.37","23.76","4.42M","-2.37%"
"11/08/2019","24.43","23.74","24.50","23.39","4.34M","1.45%"
"11/07/2019","24.08","23.85","24.25","23.65","6.14M","1.95%"
"11/06/2019","23.62","23.85","24.61","23.23","4.78M","-1.42%"
"11/05/2019","23.96","24.80","25.08","23.72","6.28M","-2.28%"
"11/04/2019","24.52","24.40","24.84","24.34","7.33M","2.98%"
"11/01/2019","23.81","22.04","24.31","21.89","10.23M","9.93%"
"10/31/2019","21.66","20.99","22.30","20.47","6.71M","1.40%"
"10/30/2019","21.36","22.04","22.32","21.26","4.86M","-3.13%"
"10/29/2019","22.05","21.45","22.57","21.16","4.76M","1.47%"
"10/28/2019","21.73","22.24","22.65","21.64","5.13M","-1.54%"
"10/25/2019","22.07","23.22","23.26","20.57","14.57M","-4.99%"
"10/24/2019","23.23","23.71","23.80","22.55","4.39M","-1.32%"
"10/23/2019","23.54","22.97","23.63","22.40","3.68M","2.57%"
"10/22/2019","22.95","22.82","23.41","22.35","4.82M","0.79%"
"10/21/2019","22.77","22.19","22.88","22.05","4.85M","1.47%"
"10/18/2019","22.44","22.40","23.60","22.27","8.69M","1.45%"
"10/17/2019","22.12","21.85","22.33","21.52","4.48M","1.65%"
"10/16/2019","21.76","21.96","22.83","21.75","6.65M","-1.89%"
"10/15/2019","22.18","21.81","22.52","21.43","5.37M","1.09%"
"10/14/2019","21.94","21.01","22.23","20.86","8.72M","2.43%"
"10/11/2019","21.42","20.72","21.59","20.72","6.25M","4.85%"
"10/10/2019","20.43","20.59","20.88","20.27","4.15M","-0.49%"
"10/09/2019","20.53","20.52","20.73","20.12","4.91M","1.38%"
"10/08/2019","20.25","21.00","21.25","20.24","6.35M","-5.37%"
"10/07/2019","21.40","22.23","22.30","21.33","5.59M","-3.43%"
"10/04/2019","22.16","23.16","23.51","21.68","6.23M","-5.18%"
"10/03/2019","23.37","22.92","23.37","22.44","5.75M","0.73%"
"10/02/2019","23.20","24.04","24.31","23.10","4.36M","-4.41%"
"10/01/2019","24.27","25.71","25.88","24.22","4.38M","-5.20%"
"09/30/2019","25.60","25.50","25.96","25.46","3.85M","-0.39%"
"09/27/2019","25.70","24.87","25.92","24.85","5.14M","1.70%"
"09/26/2019","25.27","25.19","25.42","24.86","4.54M","-0.98%"
"09/25/2019","25.52","24.94","25.62","24.85","4.31M","0.55%"
"09/24/2019","25.38","25.95","26.09","25.14","4.19M","-3.06%"
"09/23/2019","26.18","25.47","26.33","25.39","5.05M","1.47%"
"09/20/2019","25.80","25.91","26.07","25.54","6.14M","0.16%"
"09/19/2019","25.76","25.86","26.11","25.41","5.02M","1.30%"
"09/18/2019","25.43","25.51","26.13","25.12","12.10M","-2.27%"
"09/17/2019","26.02","28.15","28.35","25.75","9.92M","-8.54%"
"09/16/2019","28.45","26.86","29.11","25.85","17.81M","16.89%"
"09/13/2019","24.34","24.14","24.47","23.78","3.95M","2.10%"
"09/12/2019","23.84","23.44","24.02","22.96","3.77M","-0.63%"
"09/11/2019","23.99","23.87","24.63","23.54","5.08M","1.22%"
"09/10/2019","23.70","23.90","24.45","23.52","4.93M","0.21%"
"09/09/2019","23.65","22.79","23.71","22.64","6.12M","5.82%"
"09/06/2019","22.35","22.30","22.48","21.94","3.85M","-1.41%"
"09/05/2019","22.67","22.27","23.15","22.25","4.96M","2.86%"
"09/04/2019","22.04","21.88","22.21","21.61","4.05M","2.94%"
"09/03/2019","21.41","21.07","21.50","20.27","4.96M","-0.74%"
"08/30/2019","21.57","22.08","22.27","21.38","3.15M","-2.13%"
"08/29/2019","22.04","21.84","22.25","21.81","4.47M","1.90%"
"08/28/2019","21.63","21.12","21.96","20.92","4.00M","3.20%"
"08/27/2019","20.96","21.18","21.33","20.59","5.23M","-0.19%"
"08/26/2019","21.00","20.99","21.23","20.78","4.65M","1.50%"
"08/23/2019","20.69","20.93","21.52","20.59","7.44M","-3.59%"
"08/22/2019","21.46","21.76","21.88","21.40","4.56M","-1.24%"
"08/21/2019","21.73","22.05","22.23","21.59","5.03M","-0.09%"
"08/20/2019","21.75","21.77","21.92","21.48","2.92M","-0.68%"
"08/19/2019","21.90","21.25","21.98","21.12","5.53M","5.09%"
"08/16/2019","20.84","19.92","21.01","19.76","5.32M","4.57%"
"08/15/2019","19.93","20.00","20.16","19.44","5.15M","-0.75%"
"08/14/2019","20.08","21.15","21.22","20.08","6.01M","-8.39%"
"08/13/2019","21.92","21.35","22.53","21.14","15.61M","1.72%"
"08/12/2019","21.55","21.80","22.00","21.14","9.28M","-1.91%"
"08/09/2019","21.97","22.52","22.61","21.95","3.27M","-2.14%"
"08/08/2019","22.45","22.44","22.55","21.81","5.48M","2.09%"
"08/07/2019","21.99","22.33","22.44","21.44","6.17M","-4.06%"
"08/06/2019","22.92","23.32","23.61","22.51","4.86M","-1.42%"
"08/05/2019","23.25","23.53","23.66","23.08","5.61M","-3.89%"
"08/02/2019","24.19","24.23","24.59","23.48","4.51M","0.29%"
"08/01/2019","24.12","23.07","24.51","22.60","8.21M","-1.23%"
"07/31/2019","24.42","24.05","24.94","23.82","6.04M","1.33%"
"07/30/2019","24.10","23.21","24.37","23.08","5.13M","3.30%"
"07/29/2019","23.33","23.96","23.97","23.00","5.42M","-2.51%"
"07/26/2019","23.93","24.14","24.38","23.55","4.46M","-1.03%"
"07/25/2019","24.18","25.01","25.02","24.02","3.62M","-2.46%"
"07/24/2019","24.79","24.27","25.23","24.21","4.43M","1.97%"
"07/23/2019","24.31","23.82","24.38","23.75","3.31M","1.89%"
"07/22/2019","23.86","23.99","24.25","23.55","3.53M","-0.71%"
"07/19/2019","24.03","23.35","24.10","23.16","8.07M","2.04%"
"07/18/2019","23.55","24.35","24.50","23.29","9.29M","-3.80%"
"07/17/2019","24.48","25.24","25.37","24.47","4.84M","-3.01%"
"07/16/2019","25.24","26.23","26.23","25.16","8.31M","-4.21%"
"07/15/2019","26.35","27.05","27.08","26.30","3.14M","-2.08%"
"07/12/2019","26.91","26.79","27.17","26.48","3.78M","0.64%"
"07/11/2019","26.74","27.44","27.49","26.67","4.66M","-2.66%"
"07/10/2019","27.47","27.18","27.98","26.94","6.29M","1.93%"
"07/09/2019","26.95","26.40","27.00","25.93","5.50M","1.70%"
"07/08/2019","26.50","26.94","27.04","26.41","6.94M","-2.50%"
"07/05/2019","27.18","27.11","27.46","26.42","8.02M","-0.37%"
"07/03/2019","27.28","27.45","27.46","27.01","3.24M","-0.44%"
"07/02/2019","27.40","29.13","29.13","27.34","4.43M","-6.16%"
"07/01/2019","29.20","29.68","29.90","28.83","3.67M","0.79%"
"06/28/2019","28.97","28.65","29.13","28.61","3.43M","1.15%"
"06/27/2019","28.64","29.08","29.32","28.55","2.56M","-1.34%"
"06/26/2019","29.03","28.96","29.58","28.44","3.58M","2.87%"
"06/25/2019","28.22","28.93","29.18","28.19","3.74M","-2.92%"
"06/24/2019","29.07","29.62","29.90","28.99","2.66M","-1.92%"
"06/21/2019","29.64","29.62","29.98","29.22","5.13M","0.44%"
"06/20/2019","29.51","29.21","29.70","29.11","3.47M","3.11%"
"06/19/2019","28.62","28.71","28.98","28.24","2.54M","-0.07%"
"06/18/2019","28.64","28.05","28.97","28.05","4.16M","2.87%"
"06/17/2019","27.84","27.31","27.93","27.08","2.17M","1.27%"
"06/14/2019","27.49","28.41","28.53","27.35","3.12M","-3.07%"
"06/13/2019","28.36","28.63","28.75","27.84","3.41M","1.25%"
"06/12/2019","28.01","28.44","28.53","27.82","10.08M","-2.91%"
"06/11/2019","28.85","29.16","29.31","28.69","3.97M","-0.10%"
"06/10/2019","28.88","28.89","29.20","28.69","3.62M","-0.24%"
"06/07/2019","28.95","28.93","29.45","28.44","4.07M","0.38%"
"06/06/2019","28.84","28.06","28.88","28.06","4.63M","2.85%"
"06/05/2019","28.04","28.34","28.59","27.48","5.18M","-1.06%"
"06/04/2019","28.34","27.30","28.46","27.14","6.14M","5.39%"
"06/03/2019","26.89","26.61","27.20","26.40","5.47M","3.15%"
"05/31/2019","26.07","25.68","26.41","25.54","4.69M","-0.42%"
"05/30/2019","26.18","26.53","26.71","25.85","3.83M","-1.80%"
"05/29/2019","26.66","26.46","26.69","25.75","6.62M","-0.93%"
"05/28/2019","26.91","27.48","27.59","26.91","4.91M","-1.54%"
"05/24/2019","27.33","27.99","28.44","27.19","4.13M","-1.19%"
"05/23/2019","27.66","28.74","28.76","27.49","5.13M","-6.21%"
"05/22/2019","29.49","30.59","30.59","29.34","3.70M","-4.35%"
"05/21/2019","30.83","29.96","30.88","29.89","3.02M","3.01%"
"05/20/2019","29.93","30.46","30.55","29.72","3.51M","-1.58%"
"05/17/2019","30.41","30.87","31.03","30.39","2.71M","-2.63%"
"05/16/2019","31.23","31.43","31.65","31.04","3.02M","0.19%"
"05/15/2019","31.17","30.67","31.33","30.45","2.93M","0.52%"
"05/14/2019","31.01","30.16","31.30","30.16","2.96M","2.89%"
"05/13/2019","30.14","30.81","31.15","29.86","2.92M","-3.46%"
"05/10/2019","31.22","31.00","31.39","30.24","4.26M","0.52%"
"05/09/2019","31.06","30.29","31.10","30.04","3.80M","1.47%"
"05/08/2019","30.61","30.32","31.39","30.15","12.13M","0.33%"
"05/07/2019","30.51","30.35","30.52","29.82","3.98M","-0.88%"
"05/06/2019","30.78","30.11","30.92","29.88","4.26M","0.62%"
"05/03/2019","30.59","29.98","31.22","29.98","4.71M","2.72%"
"05/02/2019","29.78","30.80","31.45","29.74","7.31M","-6.09%"
"05/01/2019","31.71","33.00","33.08","31.71","5.23M","-3.65%"
"04/30/2019","32.91","33.71","33.72","32.60","3.24M","-0.93%"
"04/29/2019","33.22","32.93","33.77","32.81","2.71M","0.48%"
"04/26/2019","33.06","33.71","33.90","32.69","4.65M","-2.94%"
"04/25/2019","34.06","35.35","35.47","33.89","4.33M","-4.00%"
"04/24/2019","35.48","36.67","36.89","35.46","2.99M","-2.61%"
"04/23/2019","36.43","37.18","37.40","36.10","4.77M","-1.78%"
"04/22/2019","37.09","36.45","37.20","36.10","3.91M","3.40%"
"04/18/2019","35.87","36.70","36.78","35.56","3.97M","-2.63%"
"04/17/2019","36.84","36.91","37.09","36.63","3.30M","0.77%"
"04/16/2019","36.56","36.18","36.73","35.71","4.58M","1.70%"
"04/15/2019","35.95","36.40","36.77","35.94","3.39M","-1.51%"
"04/12/2019","36.50","37.37","38.12","36.18","6.47M","2.41%"
"04/11/2019","35.64","35.40","35.97","34.99","3.06M","-0.22%"
"04/10/2019","35.72","34.97","35.80","34.74","3.15M","2.41%"
"04/09/2019","34.88","35.34","35.51","34.78","2.70M","-1.91%"
"04/08/2019","35.56","35.69","36.05","35.42","3.38M","-0.03%"
"04/05/2019","35.57","33.68","35.63","33.60","5.55M","6.59%"
"04/04/2019","33.37","33.06","33.49","31.98","5.90M","0.94%"
"04/03/2019","33.06","34.42","34.65","33.02","5.19M","-3.56%"
"04/02/2019","34.28","35.00","35.13","34.27","2.82M","-1.97%"
"04/01/2019","34.97","35.03","35.18","34.59","3.33M","0.89%"
"03/29/2019","34.66","35.54","35.67","34.58","3.89M","-1.23%"
"03/28/2019","35.09","34.74","35.16","34.63","3.07M","0.20%"
"03/27/2019","35.02","35.50","35.81","34.86","2.61M","-1.79%"
"03/26/2019","35.66","35.54","36.08","35.31","2.76M","2.12%"
"03/25/2019","34.92","34.77","35.10","34.24","3.35M","0.29%"
"03/22/2019","34.82","35.73","35.86","34.53","4.10M","-3.49%"
"03/21/2019","36.08","35.12","36.17","34.98","3.70M","2.24%"
"03/20/2019","35.29","34.36","35.75","34.36","4.33M","2.32%"
"03/19/2019","34.49","35.25","35.45","34.33","2.77M","-1.49%"
"03/18/2019","35.01","34.61","35.12","34.50","2.89M","1.63%"
"03/15/2019","34.45","33.84","34.52","33.84","5.01M","0.53%"
"03/14/2019","34.27","34.32","34.60","34.13","3.14M","-0.15%"
"03/13/2019","34.32","34.02","34.36","33.67","3.73M","1.90%"
"03/12/2019","33.68","32.97","33.74","32.73","5.92M","2.84%"
"03/11/2019","32.75","32.26","33.10","32.14","4.67M","2.50%"
"03/08/2019","31.95","32.61","32.61","31.52","5.24M","-3.97%"
"03/07/2019","33.27","32.81","33.32","32.25","4.28M","1.65%"
"03/06/2019","32.73","33.42","33.42","32.56","3.25M","-2.96%"
"03/05/2019","33.73","33.62","33.84","33.06","3.01M","0.18%"
"03/04/2019","33.67","34.23","34.33","33.13","4.20M","-0.94%"
"03/01/2019","33.99","33.43","34.02","33.23","4.77M","2.44%"
"02/28/2019","33.18","33.81","34.18","32.08","7.68M","-1.13%"
"02/27/2019","33.56","33.30","34.09","33.02","5.27M","1.42%"
"02/26/2019","33.09","33.39","33.72","33.04","2.79M","-1.11%"
"02/25/2019","33.46","33.28","33.83","33.26","3.22M","-0.03%"
"02/22/2019","33.47","33.57","33.60","32.83","7.53M","0.30%"
"02/21/2019","33.37","33.79","33.86","33.08","3.85M","-1.27%"
"02/20/2019","33.80","33.29","34.21","33.28","5.01M","1.47%"
"02/19/2019","33.31","33.05","33.72","32.99","3.04M","0.03%"
"02/15/2019","33.30","33.08","33.49","32.79","4.87M","1.93%"
"02/14/2019","32.67","31.99","32.91","31.93","3.97M","1.21%"
"02/13/2019","32.28","31.23","32.39","31.09","4.72M","3.86%"
"02/12/2019","31.08","30.98","31.61","30.94","4.82M","2.41%"
"02/11/2019","30.35","29.50","30.59","29.48","3.23M","1.61%"
"02/08/2019","29.87","30.46","30.75","29.32","4.39M","-2.16%"
"02/07/2019","30.53","31.54","31.70","30.21","3.93M","-4.14%"
"02/06/2019","31.85","32.52","32.64","31.82","4.39M","-2.99%"
"02/05/2019","32.83","33.05","33.26","32.67","3.89M","-0.91%"
"02/04/2019","33.13","32.00","33.15","31.76","5.38M","1.47%"
"02/01/2019","32.65","33.12","33.12","32.29","5.80M","-0.52%"
"01/31/2019","32.82","33.45","33.48","32.60","4.33M","-1.74%"
"01/30/2019","33.40","33.24","33.48","32.81","3.36M","0.97%"
"01/29/2019","33.08","32.61","33.45","32.58","5.73M","2.45%"
"01/28/2019","32.29","31.42","32.37","31.33","4.63M","0.72%"
"01/25/2019","32.06","32.11","32.45","31.69","4.48M","0.69%"
"01/24/2019","31.84","30.92","31.90","30.77","4.44M","2.81%"
"01/23/2019","30.97","31.73","31.81","30.55","4.19M","-1.74%"
"01/22/2019","31.52","31.60","31.89","31.32","4.16M","-1.78%"
"01/18/2019","32.09","31.91","32.40","31.70","4.62M","1.26%"
"01/17/2019","31.69","31.00","31.91","30.78","3.94M","1.54%"
"01/16/2019","31.21","32.05","32.21","31.18","8.93M","-1.70%"
"01/15/2019","31.75","32.17","32.51","31.48","4.82M","0.57%"
"01/14/2019","31.57","30.60","31.86","30.51","4.70M","1.51%"
"01/11/2019","31.10","30.65","31.22","30.35","4.91M","0.45%"
"01/10/2019","30.96","30.26","30.99","30.12","3.93M","0.32%"
"01/09/2019","30.86","29.76","30.93","29.45","6.87M","5.11%"
"01/08/2019","29.36","29.24","29.60","28.75","4.13M","1.49%"
"01/07/2019","28.93","28.37","29.15","27.92","3.92M","2.15%"
"01/04/2019","28.32","27.78","28.43","27.47","4.22M","4.19%"
"01/03/2019","27.18","27.12","27.80","26.61","5.35M","0.26%"
"01/02/2019","27.11","25.61","27.58","25.59","4.63M","3.28%"
"12/31/2018","26.25","26.50","26.94","25.94","4.43M","-0.34%"
"12/28/2018","26.34","27.01","27.15","26.25","4.86M","-1.50%"
"12/27/2018","26.74","26.50","26.74","25.61","5.42M","-1.11%"
"12/26/2018","27.04","25.65","27.06","24.56","7.65M","6.46%"
"12/24/2018","25.40","26.17","26.33","25.26","3.04M","-4.33%"
"12/21/2018","26.55","26.86","27.50","26.31","9.97M","-1.67%"
"12/20/2018","27.00","28.30","29.05","26.84","6.20M","-6.09%"
"12/19/2018","28.75","29.46","30.18","28.54","5.92M","-1.68%"
"12/18/2018","29.24","30.16","30.31","29.05","8.20M","-3.08%"
"12/17/2018","30.17","30.05","30.87","29.95","6.62M","-0.23%"
"12/14/2018","30.24","30.92","31.48","30.08","6.90M","-3.39%"
"12/13/2018","31.30","31.14","31.54","30.30","5.96M","-0.10%"
"12/12/2018","31.33","31.08","32.25","31.00","6.01M","2.49%"
"12/11/2018","30.57","31.70","31.99","29.88","6.85M","-2.21%"
"12/10/2018","31.26","32.57","32.92","30.54","6.76M","-5.30%"
"12/07/2018","33.01","34.89","35.31","32.96","5.16M","-2.63%"
"12/06/2018","33.90","34.17","34.23","32.97","5.65M","-3.25%"
"12/04/2018","35.04","36.40","36.57","34.94","3.61M","-3.97%"
"12/03/2018","36.49","36.40","37.09","36.03","3.68M","3.87%"
"11/30/2018","35.13","35.02","35.19","34.24","5.39M","-1.15%"
"11/29/2018","35.54","35.45","36.13","35.21","3.08M","0.79%"
"11/28/2018","35.26","35.06","35.60","34.58","4.01M","0.51%"
"11/27/2018","35.08","35.22","35.54","34.73","4.03M","-0.82%"
"11/26/2018","35.37","35.36","35.90","34.96","4.75M","1.46%"
"11/23/2018","34.86","34.75","35.09","34.20","1.86M","-3.25%"
"11/21/2018","36.03","35.00","36.79","34.99","3.39M","3.92%"
"11/20/2018","34.67","35.62","35.93","34.28","5.72M","-5.09%"
"11/19/2018","36.53","36.89","37.41","36.37","3.35M","-2.40%"
"11/16/2018","37.43","37.07","37.64","36.70","4.36M","1.19%"
"11/15/2018","36.99","35.87","37.27","35.74","4.43M","2.41%"
"11/14/2018","36.12","36.24","36.83","35.69","5.55M","2.50%"
"11/13/2018","35.24","36.07","36.86","35.20","5.26M","-2.25%"
"11/12/2018","36.05","37.55","37.63","36.01","3.80M","-2.78%"
"11/09/2018","37.08","35.13","37.41","35.02","7.83M","2.94%"
"11/08/2018","36.02","37.44","37.83","35.92","4.20M","-4.73%"
"11/07/2018","37.81","38.09","38.62","37.34","3.64M","1.26%"
"11/06/2018","37.34","37.78","38.00","36.91","2.88M","-0.64%"
"11/05/2018","37.58","36.68","37.86","36.64","4.11M","4.56%"
"11/02/2018","35.94","37.01","37.47","35.50","7.14M","-1.24%"
"11/01/2018","36.39","37.70","38.88","35.69","9.36M","-3.81%"
"10/31/2018","37.83","37.90","39.06","37.70","4.85M","1.01%"
"10/30/2018","37.45","35.75","37.52","35.67","4.80M","3.51%"
"10/29/2018","36.18","37.64","37.90","35.60","3.90M","-3.24%"
"10/26/2018","37.39","37.58","37.92","36.60","3.24M","-1.99%"
"10/25/2018","38.15","38.51","38.91","37.74","3.49M","0.47%"
"10/24/2018","37.97","40.27","40.40","37.90","3.54M","-4.55%"
"10/23/2018","39.78","40.38","40.38","38.98","3.61M","-3.66%"
"10/22/2018","41.29","42.10","42.14","40.98","3.15M","-1.92%"
"10/19/2018","42.10","42.05","42.70","41.75","3.17M","-0.54%"
"10/18/2018","42.33","42.58","42.91","41.91","3.23M","-2.20%"
"10/17/2018","43.28","44.39","44.53","42.82","4.70M","-2.76%"
"10/16/2018","44.51","44.89","44.96","44.23","3.44M","-0.13%"
"10/15/2018","44.57","45.35","45.80","44.49","2.76M","-1.24%"